,Away_Team,Away_Score,Home_Team,Home_Score,Date,Home_Win,Away_Win
0,BAL,10,BOS,9,2023-03-30,0,1
1,MIL,0,CHC,4,2023-03-30,1,0
2,PIT,5,CIN,4,2023-03-30,0,1
3,CHW,3,HOU,2,2023-03-30,0,1
4,MIN,2,KCR,0,2023-03-30,0,1
5,ARI,2,LAD,8,2023-03-30,1,0
6,NYM,5,MIA,3,2023-03-30,0,1
7,SFG,0,NYY,5,2023-03-30,1,0
8,LAA,1,OAK,2,2023-03-30,1,0
9,COL,7,SDP,2,2023-03-30,0,1
10,CLE,0,SEA,3,2023-03-30,1,0
11,TOR,10,STL,9,2023-03-30,0,1
12,DET,0,TBR,4,2023-03-30,1,0
13,PHI,7,TEX,11,2023-03-30,1,0
14,ATL,7,WSN,2,2023-03-30,0,1
15,CHW,3,HOU,6,2023-03-31,1,0
16,ARI,2,LAD,1,2023-03-31,0,1
17,NYM,1,MIA,2,2023-03-31,1,0
18,COL,4,SDP,1,2023-03-31,0,1
19,CLE,9,SEA,4,2023-03-31,0,1
20,BAL,8,BOS,9,2023-04-01,1,0
21,MIL,3,CHC,1,2023-04-01,0,1
22,PIT,2,CIN,6,2023-04-01,1,0
23,CHW,4,HOU,6,2023-04-01,1,0
24,MIN,2,KCR,0,2023-04-01,0,1
25,ARI,1,LAD,10,2023-04-01,1,0
26,NYM,6,MIA,2,2023-04-01,0,1
27,SFG,7,NYY,5,2023-04-01,0,1
28,LAA,13,OAK,1,2023-04-01,0,1
29,COL,4,SDP,8,2023-04-01,1,0
30,CLE,2,SEA,0,2023-04-01,0,1
31,TOR,1,STL,4,2023-04-01,1,0
32,DET,2,TBR,12,2023-04-01,1,0
33,PHI,3,TEX,16,2023-04-01,1,0
34,ATL,7,WSN,1,2023-04-01,0,1
35,BAL,5,BOS,9,2023-04-02,1,0
36,MIL,9,CHC,5,2023-04-02,0,1
37,PIT,1,CIN,3,2023-04-02,1,0
38,CHW,6,HOU,3,2023-04-02,0,1
39,MIN,7,KCR,4,2023-04-02,0,1
40,ARI,2,LAD,1,2023-04-02,0,1
41,NYM,5,MIA,1,2023-04-02,0,1
42,SFG,0,NYY,6,2023-04-02,1,0
43,LAA,6,OAK,0,2023-04-02,0,1
44,COL,1,SDP,3,2023-04-02,1,0
45,CLE,6,SEA,5,2023-04-02,0,1
46,TOR,4,STL,9,2023-04-02,1,0
47,DET,1,TBR,5,2023-04-02,1,0
48,PHI,1,TEX,2,2023-04-02,1,0
49,ATL,1,WSN,4,2023-04-02,1,0
50,PIT,7,BOS,6,2023-04-03,0,1
51,SFG,12,CHW,3,2023-04-03,0,1
52,CHC,6,CIN,7,2023-04-03,1,0
53,DET,7,HOU,6,2023-04-03,0,1
54,TOR,5,KCR,9,2023-04-03,1,0
55,COL,4,LAD,13,2023-04-03,1,0
56,MIN,11,MIA,1,2023-04-03,0,1
57,NYM,0,MIL,10,2023-04-03,1,0
58,PHI,1,NYY,8,2023-04-03,1,0
59,CLE,12,OAK,11,2023-04-03,0,1
60,ARI,4,SDP,5,2023-04-03,1,0
61,LAA,7,SEA,3,2023-04-03,0,1
62,ATL,8,STL,4,2023-04-03,0,1
63,BAL,2,TEX,0,2023-04-03,0,1
64,TBR,6,WSN,2,2023-04-03,0,1
65,PIT,4,BOS,1,2023-04-04,0,1
66,CHC,12,CIN,5,2023-04-04,0,1
67,DET,6,HOU,3,2023-04-04,0,1
68,TOR,4,KCR,1,2023-04-04,0,1
69,COL,2,LAD,5,2023-04-04,1,0
70,MIN,0,MIA,1,2023-04-04,1,0
71,NYM,0,MIL,9,2023-04-04,1,0
72,PHI,4,NYY,1,2023-04-04,0,1
73,CLE,3,OAK,4,2023-04-04,1,0
74,ARI,8,SDP,6,2023-04-04,0,1
75,LAA,2,SEA,11,2023-04-04,1,0
76,ATL,4,STL,1,2023-04-04,0,1
77,BAL,7,TEX,2,2023-04-04,0,1
78,TBR,10,WSN,6,2023-04-04,0,1
79,PIT,4,BOS,1,2023-04-05,0,1
80,SFG,3,CHW,7,2023-04-05,1,0
81,DET,2,HOU,8,2023-04-05,1,0
82,TOR,3,KCR,0,2023-04-05,0,1
83,MIN,2,MIA,5,2023-04-05,1,0
84,NYM,6,MIL,7,2023-04-05,1,0
85,PHI,2,NYY,4,2023-04-05,1,0
86,CLE,6,OAK,4,2023-04-05,0,1
87,LAA,4,SEA,3,2023-04-05,0,1
88,ATL,5,STL,2,2023-04-05,0,1
89,BAL,2,TEX,5,2023-04-05,1,0
90,TBR,7,WSN,2,2023-04-05,0,1
91,LAD,5,ARI,2,2023-04-06,0,1
92,SDP,6,ATL,7,2023-04-06,1,0
93,SFG,16,CHW,6,2023-04-06,0,1
94,WSN,0,COL,1,2023-04-06,1,0
95,BOS,6,DET,3,2023-04-06,0,1
96,TOR,6,KCR,3,2023-04-06,0,1
97,TOR,4,LAA,3,2023-04-07,0,1
98,LAD,3,ARI,6,2023-04-07,1,0
99,SDP,5,ATL,4,2023-04-07,0,1
100,NYY,6,BAL,7,2023-04-07,1,0
101,TEX,0,CHC,2,2023-04-07,1,0
102,SEA,5,CLE,3,2023-04-07,0,1
103,WSN,10,COL,5,2023-04-07,0,1
104,STL,0,MIL,4,2023-04-07,1,0
105,HOU,2,MIN,3,2023-04-07,1,0
106,MIA,3,NYM,9,2023-04-07,1,0
107,CIN,2,PHI,5,2023-04-07,1,0
108,CHW,9,PIT,13,2023-04-07,1,0
109,KCR,3,SFG,1,2023-04-07,0,1
110,OAK,5,TBR,9,2023-04-07,1,0
111,TOR,5,LAA,9,2023-04-08,1,0
112,LAD,8,ARI,12,2023-04-08,1,0
113,SDP,4,ATL,1,2023-04-08,0,1
114,NYY,4,BAL,1,2023-04-08,0,1
115,TEX,3,CHC,10,2023-04-08,1,0
116,SEA,3,CLE,2,2023-04-08,0,1
117,WSN,7,COL,6,2023-04-08,0,1
118,BOS,14,DET,5,2023-04-08,0,1
119,STL,6,MIL,0,2023-04-08,0,1
120,HOU,6,MIN,9,2023-04-08,1,0
121,MIA,2,NYM,5,2023-04-08,1,0
122,CIN,2,PHI,3,2023-04-08,1,0
123,CHW,11,PIT,5,2023-04-08,0,1
124,KCR,6,SFG,5,2023-04-08,0,1
125,OAK,0,TBR,11,2023-04-08,1,0
126,TOR,12,LAA,11,2023-04-09,0,1
127,LAD,6,ARI,11,2023-04-09,1,0
128,SDP,10,ATL,2,2023-04-09,0,1
129,NYY,5,BAL,3,2023-04-09,0,1
130,TEX,8,CHC,2,2023-04-09,0,1
131,SEA,6,CLE,7,2023-04-09,1,0
132,WSN,6,COL,7,2023-04-09,1,0
133,BOS,4,DET,1,2023-04-09,0,1
134,STL,1,MIL,6,2023-04-09,1,0
135,HOU,5,MIN,1,2023-04-09,0,1
136,MIA,7,NYM,2,2023-04-09,0,1
137,CIN,6,PHI,4,2023-04-09,0,1
138,CHW,0,PIT,1,2023-04-09,1,0
139,KCR,1,SFG,3,2023-04-09,1,0
140,OAK,0,TBR,11,2023-04-09,1,0
141,WSN,6,LAA,4,2023-04-10,0,1
142,MIL,0,ARI,3,2023-04-10,1,0
143,CIN,4,ATL,5,2023-04-10,1,0
144,OAK,1,BAL,5,2023-04-10,1,0
145,SEA,2,CHC,3,2023-04-10,1,0
146,NYY,2,CLE,3,2023-04-10,1,0
147,STL,4,COL,7,2023-04-10,1,0
148,CHW,4,MIN,3,2023-04-10,0,1
149,SDP,0,NYM,5,2023-04-10,1,0
150,MIA,3,PHI,15,2023-04-10,1,0
151,HOU,8,PIT,2,2023-04-10,0,1
152,LAD,9,SFG,1,2023-04-10,0,1
153,BOS,0,TBR,1,2023-04-10,1,0
154,KCR,2,TEX,11,2023-04-10,1,0
155,WSN,0,LAA,2,2023-04-11,1,0
156,MIL,7,ARI,1,2023-04-11,0,1
157,CIN,6,ATL,7,2023-04-11,1,0
158,OAK,8,BAL,12,2023-04-11,1,0
159,SEA,9,CHC,14,2023-04-11,1,0
160,NYY,11,CLE,2,2023-04-11,0,1
161,STL,9,COL,6,2023-04-11,0,1
162,CHW,3,MIN,4,2023-04-11,1,0
163,SDP,4,NYM,2,2023-04-11,0,1
164,MIA,8,PHI,4,2023-04-11,0,1
165,HOU,4,PIT,7,2023-04-11,1,0
166,LAD,0,SFG,5,2023-04-11,1,0
167,BOS,2,TBR,7,2023-04-11,1,0
168,KCR,5,TEX,8,2023-04-11,1,0
169,DET,3,TOR,9,2023-04-11,1,0
170,WSN,2,LAA,3,2023-04-12,1,0
171,MIL,3,ARI,7,2023-04-12,1,0
172,CIN,4,ATL,5,2023-04-12,1,0
173,OAK,8,BAL,4,2023-04-12,0,1
174,SEA,5,CHC,2,2023-04-12,0,1
175,NYY,4,CLE,3,2023-04-12,0,1
176,STL,7,COL,4,2023-04-12,0,1
177,CHW,1,MIN,3,2023-04-12,1,0
178,SDP,2,NYM,5,2023-04-12,1,0
179,MIA,3,PHI,2,2023-04-12,0,1
180,HOU,7,PIT,0,2023-04-12,0,1
181,LAD,10,SFG,5,2023-04-12,0,1
182,BOS,7,TBR,9,2023-04-12,1,0
183,KCR,10,TEX,1,2023-04-12,0,1
184,DET,3,TOR,4,2023-04-12,1,0
185,OAK,7,BAL,8,2023-04-13,1,0
186,PHI,2,CIN,6,2023-04-13,1,0
187,MIN,11,NYY,2,2023-04-13,0,1
188,MIL,4,SDP,3,2023-04-13,0,1
189,PIT,5,STL,0,2023-04-13,0,1
190,BOS,3,TBR,9,2023-04-13,1,0
191,DET,3,TOR,1,2023-04-13,0,1
192,LAA,3,BOS,5,2023-04-14,1,0
193,BAL,6,CHW,3,2023-04-14,0,1
194,PHI,8,CIN,3,2023-04-14,0,1
195,SFG,5,DET,7,2023-04-14,1,0
196,TEX,6,HOU,2,2023-04-14,0,1
197,ATL,10,KCR,3,2023-04-14,0,1
198,CHC,8,LAD,2,2023-04-14,0,1
199,ARI,1,MIA,5,2023-04-14,1,0
200,MIN,4,NYY,3,2023-04-14,0,1
201,NYM,17,OAK,6,2023-04-14,0,1
202,MIL,11,SDP,2,2023-04-14,0,1
203,COL,3,SEA,5,2023-04-14,1,0
204,PIT,0,STL,3,2023-04-14,1,0
205,TBR,3,TOR,6,2023-04-14,1,0
206,CLE,4,WSN,3,2023-04-14,0,1
207,LAA,7,BOS,9,2023-04-15,1,0
208,BAL,6,CHW,7,2023-04-15,1,0
209,PHI,0,CIN,13,2023-04-15,1,0
210,SFG,6,DET,7,2023-04-15,1,0
211,TEX,2,HOU,8,2023-04-15,1,0
212,ATL,9,KCR,3,2023-04-15,0,1
213,CHC,1,LAD,2,2023-04-15,1,0
214,ARI,2,MIA,3,2023-04-15,1,0
215,MIN,1,NYY,6,2023-04-15,1,0
216,NYM,3,OAK,2,2023-04-15,0,1
217,MIL,3,SDP,10,2023-04-15,1,0
218,COL,2,SEA,9,2023-04-15,1,0
219,PIT,6,STL,3,2023-04-15,0,1
220,TBR,2,TOR,5,2023-04-15,1,0
221,CLE,6,WSN,4,2023-04-15,0,1
222,LAA,1,BOS,2,2023-04-16,1,0
223,BAL,8,CHW,4,2023-04-16,0,1
224,PHI,14,CIN,3,2023-04-16,0,1
225,TEX,9,HOU,1,2023-04-16,0,1
226,ATL,5,KCR,4,2023-04-16,0,1
227,CHC,3,LAD,2,2023-04-16,0,1
228,ARI,5,MIA,0,2023-04-16,0,1
229,MIN,0,NYY,2,2023-04-16,1,0
230,NYM,4,OAK,3,2023-04-16,0,1
231,MIL,1,SDP,0,2023-04-16,0,1
232,COL,0,SEA,1,2023-04-16,1,0
233,PIT,4,STL,5,2023-04-16,1,0
234,TBR,8,TOR,1,2023-04-16,0,1
235,CLE,6,WSN,7,2023-04-16,1,0
236,LAA,5,BOS,4,2023-04-17,0,1
237,TBR,1,CIN,8,2023-04-17,1,0
238,PIT,14,COL,3,2023-04-17,0,1
239,TOR,2,HOU,9,2023-04-17,1,0
240,TEX,4,KCR,0,2023-04-17,0,1
241,NYM,8,LAD,6,2023-04-17,0,1
242,SFG,3,MIA,4,2023-04-17,1,0
243,CHC,10,OAK,1,2023-04-17,0,1
244,ATL,2,SDP,0,2023-04-17,0,1
245,MIL,7,SEA,3,2023-04-17,0,1
246,ARI,6,STL,3,2023-04-17,0,1
247,MIN,4,BOS,5,2023-04-18,1,0
248,PHI,7,CHW,4,2023-04-18,0,1
249,PHI,0,CHW,3,2023-04-18,1,0
250,TBR,10,CIN,0,2023-04-18,0,1
251,PIT,5,COL,3,2023-04-18,0,1
252,CLE,3,DET,4,2023-04-18,1,0
253,CLE,0,DET,1,2023-04-18,1,0
254,TOR,4,HOU,2,2023-04-18,0,1
255,TEX,12,KCR,2,2023-04-18,0,1
256,NYM,0,LAD,5,2023-04-18,1,0
257,SFG,2,MIA,4,2023-04-18,1,0
258,LAA,5,NYY,2,2023-04-18,0,1
259,CHC,4,OAK,0,2023-04-18,0,1
260,ATL,8,SDP,1,2023-04-18,0,1
261,MIL,6,SEA,5,2023-04-18,0,1
262,ARI,8,STL,7,2023-04-18,0,1
263,BAL,1,WSN,0,2023-04-18,0,1
264,MIN,10,BOS,4,2023-04-19,0,1
265,PHI,5,CHW,2,2023-04-19,0,1
266,TBR,8,CIN,0,2023-04-19,0,1
267,PIT,14,COL,3,2023-04-19,0,1
268,CLE,3,DET,2,2023-04-19,0,1
269,TOR,1,HOU,8,2023-04-19,1,0
270,TEX,12,KCR,3,2023-04-19,0,1
271,NYM,5,LAD,3,2023-04-19,0,1
272,SFG,5,MIA,2,2023-04-19,0,1
273,LAA,2,NYY,3,2023-04-19,1,0
274,CHC,12,OAK,2,2023-04-19,0,1
275,ATL,0,SDP,1,2023-04-19,1,0
276,MIL,5,SEA,3,2023-04-19,0,1
277,ARI,5,STL,14,2023-04-19,1,0
278,BAL,4,WSN,0,2023-04-19,0,1
279,SDP,7,ARI,5,2023-04-20,0,1
280,MIN,5,BOS,11,2023-04-20,1,0
281,LAD,6,CHC,2,2023-04-20,0,1
282,LAA,3,NYY,9,2023-04-20,1,0
283,COL,5,PHI,0,2023-04-20,0,1
284,CIN,3,PIT,4,2023-04-20,1,0
285,NYM,9,SFG,4,2023-04-20,0,1
286,KCR,0,LAA,2,2023-04-21,1,0
287,SDP,0,ARI,9,2023-04-21,1,0
288,HOU,6,ATL,4,2023-04-21,0,1
289,DET,1,BAL,2,2023-04-21,1,0
290,LAD,0,CHC,13,2023-04-21,1,0
291,BOS,5,MIL,3,2023-04-21,0,1
292,WSN,3,MIN,2,2023-04-21,0,1
293,TOR,6,NYY,1,2023-04-21,0,1
294,COL,3,PHI,4,2023-04-21,1,0
295,CIN,2,PIT,4,2023-04-21,1,0
296,STL,2,SEA,5,2023-04-21,1,0
297,NYM,7,SFG,0,2023-04-21,0,1
298,CHW,7,TBR,8,2023-04-21,1,0
299,OAK,5,TEX,4,2023-04-21,0,1
300,KCR,11,LAA,8,2023-04-22,0,1
301,SDP,5,ARI,3,2023-04-22,0,1
302,HOU,6,ATL,3,2023-04-22,0,1
303,DET,1,BAL,5,2023-04-22,1,0
304,LAD,9,CHC,4,2023-04-22,0,1
305,MIA,6,CLE,1,2023-04-22,0,1
306,MIA,3,CLE,2,2023-04-22,0,1
307,BOS,4,MIL,5,2023-04-22,1,0
308,WSN,10,MIN,4,2023-04-22,0,1
309,TOR,2,NYY,3,2023-04-22,1,0
310,COL,3,PHI,4,2023-04-22,1,0
311,CIN,1,PIT,2,2023-04-22,1,0
312,STL,4,SEA,5,2023-04-22,1,0
313,NYM,4,SFG,7,2023-04-22,1,0
314,CHW,3,TBR,4,2023-04-22,1,0
315,OAK,3,TEX,18,2023-04-22,1,0
316,KCR,3,LAA,4,2023-04-23,1,0
317,SDP,7,ARI,5,2023-04-23,0,1
318,HOU,5,ATL,2,2023-04-23,0,1
319,DET,1,BAL,2,2023-04-23,1,0
320,LAD,7,CHC,3,2023-04-23,0,1
321,MIA,4,CLE,7,2023-04-23,1,0
322,BOS,12,MIL,5,2023-04-23,0,1
323,WSN,1,MIN,3,2023-04-23,1,0
324,TOR,5,NYY,1,2023-04-23,0,1
325,COL,3,PHI,9,2023-04-23,1,0
326,CIN,0,PIT,2,2023-04-23,1,0
327,STL,7,SEA,3,2023-04-23,0,1
328,NYM,4,SFG,5,2023-04-23,1,0
329,CHW,1,TBR,4,2023-04-23,1,0
330,OAK,2,TEX,5,2023-04-23,1,0
331,OAK,11,LAA,10,2023-04-24,0,1
332,KCR,4,ARI,5,2023-04-24,1,0
333,MIA,0,ATL,11,2023-04-24,1,0
334,BOS,4,BAL,5,2023-04-24,1,0
335,TEX,6,CIN,7,2023-04-24,1,0
336,COL,6,CLE,0,2023-04-24,0,1
337,DET,4,MIL,2,2023-04-24,0,1
338,NYY,1,MIN,6,2023-04-24,1,0
339,STL,0,SFG,4,2023-04-24,1,0
340,HOU,3,TBR,8,2023-04-24,1,0
341,CHW,2,TOR,5,2023-04-24,1,0
342,OAK,3,LAA,5,2023-04-25,1,0
343,KCR,5,ARI,4,2023-04-25,0,1
344,MIA,4,ATL,7,2023-04-25,1,0
345,BOS,8,BAL,6,2023-04-25,0,1
346,SDP,0,CHC,6,2023-04-25,1,0
347,TEX,6,CIN,7,2023-04-25,1,0
348,COL,5,CLE,1,2023-04-25,0,1
349,DET,4,MIL,3,2023-04-25,0,1
350,NYY,2,MIN,6,2023-04-25,1,0
351,WSN,5,NYM,0,2023-04-25,0,1
352,SEA,5,PHI,3,2023-04-25,0,1
353,LAD,8,PIT,7,2023-04-25,0,1
354,STL,4,SFG,5,2023-04-25,1,0
355,HOU,5,TBR,0,2023-04-25,0,1
356,CHW,0,TOR,7,2023-04-25,1,0
357,OAK,3,LAA,11,2023-04-26,1,0
358,KCR,0,ARI,2,2023-04-26,1,0
359,MIA,4,ATL,6,2023-04-26,1,0
360,BOS,2,BAL,6,2023-04-26,1,0
361,SDP,5,CHC,3,2023-04-26,0,1
362,TEX,3,CIN,5,2023-04-26,1,0
363,COL,1,CLE,4,2023-04-26,1,0
364,DET,2,MIL,6,2023-04-26,1,0
365,NYY,12,MIN,6,2023-04-26,0,1
366,WSN,4,NYM,1,2023-04-26,0,1
367,SEA,5,PHI,6,2023-04-26,1,0
368,LAD,1,PIT,8,2023-04-26,1,0
369,STL,3,SFG,7,2023-04-26,1,0
370,HOU,1,TBR,0,2023-04-26,0,1
371,CHW,0,TOR,8,2023-04-26,1,0
372,OAK,7,LAA,8,2023-04-27,1,0
373,MIA,5,ATL,4,2023-04-27,0,1
374,TBR,14,CHW,5,2023-04-27,0,1
375,SDP,2,CHC,5,2023-04-27,1,0
376,BAL,7,DET,4,2023-04-27,0,1
377,KCR,1,MIN,7,2023-04-27,1,0
378,WSN,8,NYM,9,2023-04-27,1,0
379,SEA,0,PHI,1,2023-04-27,1,0
380,LAD,2,PIT,6,2023-04-27,1,0
381,STL,6,SFG,0,2023-04-27,0,1
382,NYY,4,TEX,2,2023-04-27,0,1
383,CLE,5,BOS,2,2023-04-28,0,1
384,TBR,3,CHW,2,2023-04-28,0,1
385,ARI,9,COL,1,2023-04-28,0,1
386,PHI,3,HOU,1,2023-04-28,0,1
387,STL,3,LAD,7,2023-04-28,1,0
388,CHC,2,MIA,3,2023-04-28,1,0
389,LAA,1,MIL,2,2023-04-28,1,0
390,KCR,6,MIN,8,2023-04-28,1,0
391,ATL,4,NYM,0,2023-04-28,0,1
392,CIN,11,OAK,7,2023-04-28,0,1
393,NYY,2,TEX,5,2023-04-28,1,0
394,SEA,2,TOR,3,2023-04-28,1,0
395,CLE,7,BOS,8,2023-04-29,1,0
396,TBR,12,CHW,3,2023-04-29,0,1
397,ARI,11,COL,4,2023-04-29,0,1
398,BAL,4,DET,7,2023-04-29,1,0
399,BAL,6,DET,4,2023-04-29,0,1
400,PHI,6,HOU,1,2023-04-29,0,1
401,STL,0,LAD,1,2023-04-29,1,0
402,CHC,6,MIA,7,2023-04-29,1,0
403,LAA,5,MIL,7,2023-04-29,1,0
404,KCR,3,MIN,2,2023-04-29,0,1
405,CIN,3,OAK,2,2023-04-29,0,1
406,SFG,11,SDP,16,2023-04-29,1,0
407,NYY,0,TEX,2,2023-04-29,1,0
408,SEA,0,TOR,1,2023-04-29,1,0
409,PIT,6,WSN,3,2023-04-29,0,1
410,PIT,16,WSN,1,2023-04-29,0,1
411,CLE,1,BOS,7,2023-04-30,1,0
412,TBR,9,CHW,12,2023-04-30,1,0
413,ARI,4,COL,12,2023-04-30,1,0
414,BAL,5,DET,3,2023-04-30,0,1
415,PHI,3,HOU,4,2023-04-30,1,0
416,STL,3,LAD,6,2023-04-30,1,0
417,CHC,3,MIA,4,2023-04-30,1,0
418,LAA,3,MIL,0,2023-04-30,0,1
419,KCR,4,MIN,8,2023-04-30,1,0
420,CIN,4,OAK,5,2023-04-30,1,0
421,SFG,4,SDP,6,2023-04-30,1,0
422,NYY,2,TEX,15,2023-04-30,1,0
423,SEA,10,TOR,8,2023-04-30,0,1
424,PIT,2,WSN,7,2023-04-30,1,0
425,TOR,5,BOS,6,2023-05-01,1,0
426,SFG,3,HOU,7,2023-05-01,1,0
427,PHI,4,LAD,13,2023-05-01,1,0
428,CLE,3,NYY,2,2023-05-01,0,1
429,ATL,9,NYM,8,2023-05-01,0,1
430,ATL,3,NYM,5,2023-05-01,1,0
431,CIN,3,SDP,8,2023-05-01,1,0
432,CHC,5,WSN,1,2023-05-01,0,1
433,TOR,6,BOS,7,2023-05-02,1,0
434,MIN,2,CHW,3,2023-05-02,1,0
435,MIL,2,COL,3,2023-05-02,1,0
436,SFG,2,HOU,0,2023-05-02,0,1
437,BAL,11,KCR,7,2023-05-02,0,1
438,PHI,1,LAD,13,2023-05-02,1,0
439,ATL,6,MIA,0,2023-05-02,0,1
440,CLE,2,NYY,4,2023-05-02,1,0
441,SEA,2,OAK,1,2023-05-02,0,1
442,CIN,2,SDP,1,2023-05-02,0,1
443,LAA,5,STL,1,2023-05-02,0,1
444,PIT,1,TBR,4,2023-05-02,1,0
445,ARI,4,TEX,6,2023-05-02,1,0
446,CHC,1,WSN,4,2023-05-02,1,0
447,TOR,3,BOS,8,2023-05-03,1,0
448,MIN,4,CHW,6,2023-05-03,1,0
449,MIL,1,COL,7,2023-05-03,1,0
450,NYM,5,DET,6,2023-05-03,1,0
451,NYM,1,DET,8,2023-05-03,1,0
452,SFG,4,HOU,2,2023-05-03,0,1
453,BAL,0,KCR,6,2023-05-03,1,0
454,PHI,6,LAD,10,2023-05-03,1,0
455,ATL,14,MIA,6,2023-05-03,0,1
456,CLE,3,NYY,4,2023-05-03,1,0
457,SEA,7,OAK,2,2023-05-03,0,1
458,CIN,1,SDP,7,2023-05-03,1,0
459,LAA,6,STL,4,2023-05-03,0,1
460,PIT,1,TBR,8,2023-05-03,1,0
461,ARI,12,TEX,7,2023-05-03,0,1
462,CHC,1,WSN,2,2023-05-03,1,0
463,TOR,5,BOS,11,2023-05-04,1,0
464,MIN,7,CHW,3,2023-05-04,0,1
465,MIL,6,COL,9,2023-05-04,1,0
466,NYM,0,DET,2,2023-05-04,1,0
467,BAL,13,KCR,10,2023-05-04,0,1
468,ATL,6,MIA,3,2023-05-04,0,1
469,SEA,5,OAK,3,2023-05-04,0,1
470,LAA,11,STL,7,2023-05-04,0,1
471,PIT,2,TBR,3,2023-05-04,1,0
472,CHC,3,WSN,4,2023-05-04,1,0
473,TEX,4,LAA,5,2023-05-05,1,0
474,WSN,1,ARI,3,2023-05-05,1,0
475,BAL,9,ATL,4,2023-05-05,0,1
476,MIA,1,CHC,4,2023-05-05,1,0
477,CHW,5,CIN,4,2023-05-05,0,1
478,MIN,2,CLE,0,2023-05-05,0,1
479,OAK,12,KCR,8,2023-05-05,0,1
480,COL,0,NYM,1,2023-05-05,1,0
481,BOS,5,PHI,3,2023-05-05,0,1
482,TOR,4,PIT,0,2023-05-05,0,1
483,LAD,2,SDP,5,2023-05-05,1,0
484,HOU,6,SEA,4,2023-05-05,0,1
485,MIL,4,SFG,6,2023-05-05,1,0
486,DET,5,STL,4,2023-05-05,0,1
487,NYY,4,TBR,5,2023-05-05,1,0
488,TEX,10,LAA,1,2023-05-06,0,1
489,WSN,7,ARI,8,2023-05-06,1,0
490,BAL,4,ATL,5,2023-05-06,1,0
491,MIA,2,CHC,4,2023-05-06,1,0
492,CHW,3,CIN,5,2023-05-06,1,0
493,MIN,3,CLE,4,2023-05-06,1,0
494,OAK,5,KCR,4,2023-05-06,0,1
495,COL,5,NYM,2,2023-05-06,0,1
496,BOS,7,PHI,4,2023-05-06,0,1
497,TOR,8,PIT,2,2023-05-06,0,1
498,LAD,2,SDP,1,2023-05-06,0,1
499,HOU,5,SEA,7,2023-05-06,1,0
500,MIL,1,SFG,4,2023-05-06,1,0
501,DET,6,STL,5,2023-05-06,0,1
502,NYY,3,TBR,2,2023-05-06,0,1
503,TEX,16,LAA,8,2023-05-07,0,1
504,WSN,9,ARI,8,2023-05-07,0,1
505,BAL,2,ATL,3,2023-05-07,1,0
506,MIA,5,CHC,4,2023-05-07,0,1
507,CHW,17,CIN,4,2023-05-07,0,1
508,MIN,0,CLE,2,2023-05-07,1,0
509,OAK,1,KCR,5,2023-05-07,1,0
510,COL,13,NYM,6,2023-05-07,0,1
511,BOS,1,PHI,6,2023-05-07,1,0
512,TOR,10,PIT,1,2023-05-07,0,1
513,LAD,5,SDP,2,2023-05-07,0,1
514,HOU,1,SEA,3,2023-05-07,1,0
515,MIL,7,SFG,3,2023-05-07,0,1
516,DET,6,STL,12,2023-05-07,1,0
517,NYY,7,TBR,8,2023-05-07,1,0
518,HOU,4,LAA,6,2023-05-08,1,0
519,MIA,2,ARI,5,2023-05-08,1,0
520,TBR,3,BAL,0,2023-05-08,0,1
521,STL,3,CHC,1,2023-05-08,0,1
522,DET,6,CLE,2,2023-05-08,0,1
523,CHW,5,KCR,12,2023-05-08,1,0
524,LAD,3,MIL,9,2023-05-08,1,0
525,OAK,2,NYY,7,2023-05-08,1,0
526,COL,0,PIT,2,2023-05-08,1,0
527,TEX,2,SEA,1,2023-05-08,0,1
528,WSN,5,SFG,1,2023-05-08,0,1
529,HOU,3,LAA,1,2023-05-09,0,1
530,MIA,6,ARI,2,2023-05-09,0,1
531,BOS,3,ATL,9,2023-05-09,1,0
532,TBR,2,BAL,4,2023-05-09,1,0
533,STL,6,CHC,4,2023-05-09,0,1
534,NYM,6,CIN,7,2023-05-09,1,0
535,DET,0,CLE,2,2023-05-09,1,0
536,CHW,4,KCR,2,2023-05-09,0,1
537,LAD,6,MIL,2,2023-05-09,0,1
538,SDP,6,MIN,1,2023-05-09,0,1
539,OAK,5,NYY,10,2023-05-09,1,0
540,TOR,4,PHI,8,2023-05-09,1,0
541,COL,10,PIT,1,2023-05-09,0,1
542,TEX,0,SEA,5,2023-05-09,1,0
543,WSN,1,SFG,4,2023-05-09,1,0
544,HOU,5,LAA,4,2023-05-10,0,1
545,MIA,5,ARI,4,2023-05-10,0,1
546,BOS,5,ATL,2,2023-05-10,0,1
547,TBR,1,BAL,2,2023-05-10,1,0
548,STL,4,CHC,10,2023-05-10,1,0
549,NYM,2,CIN,1,2023-05-10,0,1
550,DET,5,CLE,0,2023-05-10,0,1
551,CHW,1,KCR,9,2023-05-10,1,0
552,LAD,8,MIL,1,2023-05-10,0,1
553,SDP,3,MIN,4,2023-05-10,1,0
554,OAK,3,NYY,11,2023-05-10,1,0
555,TOR,1,PHI,2,2023-05-10,1,0
556,COL,4,PIT,3,2023-05-10,0,1
557,TEX,4,SEA,3,2023-05-10,0,1
558,WSN,11,SFG,6,2023-05-10,0,1
559,SFG,6,ARI,2,2023-05-11,0,1
560,NYM,0,CIN,5,2023-05-11,1,0
561,CHW,3,KCR,4,2023-05-11,1,0
562,SDP,3,MIN,5,2023-05-11,1,0
563,TBR,8,NYY,2,2023-05-11,0,1
564,TEX,4,OAK,0,2023-05-11,0,1
565,SFG,5,ARI,7,2023-05-12,1,0
566,PIT,3,BAL,6,2023-05-12,1,0
567,STL,8,BOS,6,2023-05-12,0,1
568,HOU,5,CHW,1,2023-05-12,0,1
569,LAA,5,CLE,4,2023-05-12,0,1
570,PHI,6,COL,3,2023-05-12,0,1
571,SEA,9,DET,2,2023-05-12,0,1
572,SDP,2,LAD,4,2023-05-12,1,0
573,CIN,7,MIA,4,2023-05-12,0,1
574,KCR,1,MIL,5,2023-05-12,1,0
575,CHC,6,MIN,2,2023-05-12,0,1
576,TBR,5,NYY,6,2023-05-12,1,0
577,TEX,7,OAK,9,2023-05-12,1,0
578,ATL,0,TOR,3,2023-05-12,1,0
579,NYM,3,WSN,2,2023-05-12,0,1
580,SFG,2,ARI,7,2023-05-13,1,0
581,PIT,0,BAL,2,2023-05-13,1,0
582,STL,4,BOS,3,2023-05-13,0,1
583,HOU,1,CHW,3,2023-05-13,1,0
584,LAA,6,CLE,8,2023-05-13,1,0
585,PHI,7,COL,4,2023-05-13,0,1
586,SEA,5,DET,0,2023-05-13,0,1
587,SDP,2,LAD,4,2023-05-13,1,0
588,CIN,6,MIA,5,2023-05-13,0,1
589,KCR,3,MIL,4,2023-05-13,1,0
590,CHC,1,MIN,11,2023-05-13,1,0
591,TBR,8,NYY,9,2023-05-13,1,0
592,TEX,5,OAK,0,2023-05-13,0,1
593,ATL,2,TOR,5,2023-05-13,1,0
594,NYM,2,WSN,3,2023-05-13,1,0
595,SFG,1,ARI,2,2023-05-14,1,0
596,PIT,4,BAL,0,2023-05-14,0,1
597,STL,9,BOS,1,2023-05-14,0,1
598,HOU,4,CHW,3,2023-05-14,0,1
599,LAA,3,CLE,4,2023-05-14,1,0
600,PHI,0,COL,4,2023-05-14,1,0
601,SEA,3,DET,5,2023-05-14,1,0
602,SDP,0,LAD,4,2023-05-14,1,0
603,CIN,1,MIA,3,2023-05-14,1,0
604,KCR,6,MIL,9,2023-05-14,1,0
605,CHC,3,MIN,16,2023-05-14,1,0
606,TBR,8,NYY,7,2023-05-14,0,1
607,TEX,11,OAK,3,2023-05-14,0,1
608,ATL,5,TOR,6,2023-05-14,1,0
609,NYM,8,WSN,2,2023-05-14,0,1
610,LAA,9,BAL,5,2023-05-15,0,1
611,SEA,10,BOS,1,2023-05-15,0,1
612,CIN,8,COL,9,2023-05-15,1,0
613,CHC,4,HOU,6,2023-05-15,1,0
614,MIN,8,LAD,9,2023-05-15,1,0
615,ARI,5,OAK,2,2023-05-15,0,1
616,KCR,0,SDP,4,2023-05-15,1,0
617,PHI,3,SFG,6,2023-05-15,1,0
618,MIL,1,STL,18,2023-05-15,1,0
619,ATL,12,TEX,0,2023-05-15,0,1
620,NYY,7,TOR,4,2023-05-15,0,1
621,NYM,3,WSN,10,2023-05-15,1,0
622,LAA,3,BAL,7,2023-05-16,1,0
623,SEA,4,BOS,9,2023-05-16,1,0
624,CLE,3,CHW,8,2023-05-16,1,0
625,CIN,3,COL,1,2023-05-16,0,1
626,PIT,0,DET,4,2023-05-16,1,0
627,CHC,3,HOU,7,2023-05-16,1,0
628,MIN,5,LAD,1,2023-05-16,0,1
629,WSN,4,MIA,5,2023-05-16,1,0
630,TBR,8,NYM,5,2023-05-16,0,1
631,ARI,8,OAK,9,2023-05-16,1,0
632,KCR,5,SDP,4,2023-05-16,0,1
633,PHI,3,SFG,4,2023-05-16,1,0
634,MIL,3,STL,2,2023-05-16,0,1
635,ATL,4,TEX,7,2023-05-16,1,0
636,NYY,6,TOR,3,2023-05-16,0,1
637,LAA,1,BAL,3,2023-05-17,1,0
638,SEA,3,BOS,12,2023-05-17,1,0
639,CLE,2,CHW,7,2023-05-17,1,0
640,CIN,6,COL,11,2023-05-17,1,0
641,PIT,8,DET,0,2023-05-17,0,1
642,CHC,6,HOU,7,2023-05-17,1,0
643,MIN,3,LAD,7,2023-05-17,1,0
644,WSN,3,MIA,4,2023-05-17,1,0
645,TBR,7,NYM,8,2023-05-17,1,0
646,ARI,5,OAK,3,2023-05-17,0,1
647,KCR,4,SDP,3,2023-05-17,0,1
648,PHI,4,SFG,7,2023-05-17,1,0
649,MIL,0,STL,3,2023-05-17,1,0
650,ATL,6,TEX,5,2023-05-17,0,1
651,NYY,0,TOR,3,2023-05-17,1,0
652,LAA,6,BAL,5,2023-05-18,0,1
653,CLE,3,CHW,1,2023-05-18,0,1
654,WSN,3,MIA,5,2023-05-18,1,0
655,TBR,2,NYM,3,2023-05-18,1,0
656,LAD,8,STL,16,2023-05-18,1,0
657,NYY,4,TOR,2,2023-05-18,0,1
658,MIN,4,LAA,5,2023-05-19,1,0
659,SEA,2,ATL,6,2023-05-19,1,0
660,KCR,0,CHW,2,2023-05-19,1,0
661,NYY,6,CIN,2,2023-05-19,0,1
662,OAK,1,HOU,5,2023-05-19,1,0
663,CLE,9,NYM,10,2023-05-19,1,0
664,CHC,10,PHI,1,2023-05-19,0,1
665,ARI,3,PIT,13,2023-05-19,1,0
666,BOS,6,SDP,1,2023-05-19,0,1
667,MIA,3,SFG,4,2023-05-19,1,0
668,LAD,5,STL,0,2023-05-19,0,1
669,MIL,0,TBR,1,2023-05-19,1,0
670,COL,2,TEX,7,2023-05-19,1,0
671,BAL,6,TOR,2,2023-05-19,0,1
672,DET,8,WSN,6,2023-05-19,0,1
673,MIN,6,LAA,2,2023-05-20,0,1
674,SEA,7,ATL,3,2023-05-20,0,1
675,KCR,1,CHW,5,2023-05-20,1,0
676,NYY,7,CIN,4,2023-05-20,0,1
677,OAK,2,HOU,3,2023-05-20,1,0
678,CHC,3,PHI,12,2023-05-20,1,0
679,ARI,4,PIT,3,2023-05-20,0,1
680,BOS,4,SDP,2,2023-05-20,0,1
681,MIA,1,SFG,0,2023-05-20,0,1
682,LAD,5,STL,6,2023-05-20,1,0
683,MIL,4,TBR,8,2023-05-20,1,0
684,COL,5,TEX,11,2023-05-20,1,0
685,BAL,6,TOR,5,2023-05-20,0,1
686,DET,2,WSN,5,2023-05-20,1,0
687,MIN,2,LAA,4,2023-05-21,1,0
688,SEA,2,ATL,3,2023-05-21,1,0
689,KCR,2,CHW,5,2023-05-21,1,0
690,NYY,4,CIN,1,2023-05-21,0,1
691,OAK,0,HOU,2,2023-05-21,1,0
692,CLE,4,NYM,5,2023-05-21,1,0
693,CLE,1,NYM,2,2023-05-21,1,0
694,CHC,1,PHI,2,2023-05-21,1,0
695,ARI,8,PIT,3,2023-05-21,0,1
696,BOS,0,SDP,7,2023-05-21,1,0
697,MIA,5,SFG,7,2023-05-21,1,0
698,LAD,5,STL,10,2023-05-21,1,0
699,MIL,6,TBR,4,2023-05-21,0,1
700,COL,3,TEX,13,2023-05-21,1,0
701,BAL,8,TOR,3,2023-05-21,0,1
702,DET,4,WSN,6,2023-05-21,1,0
703,BOS,1,LAA,2,2023-05-22,1,0
704,LAD,8,ATL,6,2023-05-22,0,1
705,STL,5,CIN,6,2023-05-22,1,0
706,CHW,0,CLE,3,2023-05-22,1,0
707,MIA,3,COL,5,2023-05-22,1,0
708,DET,8,KCR,5,2023-05-22,0,1
709,HOU,12,MIL,2,2023-05-22,0,1
710,SFG,4,MIN,1,2023-05-22,0,1
711,ARI,6,PHI,3,2023-05-22,0,1
712,TEX,4,PIT,6,2023-05-22,1,0
713,OAK,2,SEA,11,2023-05-22,1,0
714,TOR,4,TBR,6,2023-05-22,1,0
715,BOS,0,LAA,4,2023-05-23,1,0
716,LAD,8,ATL,1,2023-05-23,0,1
717,NYM,2,CHC,7,2023-05-23,1,0
718,STL,8,CIN,5,2023-05-23,0,1
719,CHW,4,CLE,2,2023-05-23,0,1
720,MIA,4,COL,5,2023-05-23,1,0
721,DET,1,KCR,4,2023-05-23,1,0
722,HOU,0,MIL,6,2023-05-23,1,0
723,SFG,4,MIN,3,2023-05-23,0,1
724,BAL,5,NYY,6,2023-05-23,1,0
725,ARI,4,PHI,3,2023-05-23,0,1
726,TEX,6,PIT,1,2023-05-23,0,1
727,OAK,2,SEA,3,2023-05-23,1,0
728,TOR,20,TBR,1,2023-05-23,0,1
729,SDP,7,WSN,4,2023-05-23,0,1
730,BOS,3,LAA,7,2023-05-24,1,0
731,LAD,3,ATL,4,2023-05-24,1,0
732,NYM,2,CHC,4,2023-05-24,1,0
733,STL,3,CIN,10,2023-05-24,1,0
734,CHW,6,CLE,0,2023-05-24,0,1
735,MIA,10,COL,2,2023-05-24,0,1
736,DET,6,KCR,4,2023-05-24,0,1
737,HOU,0,MIL,4,2023-05-24,1,0
738,SFG,1,MIN,7,2023-05-24,1,0
739,BAL,9,NYY,6,2023-05-24,0,1
740,ARI,5,PHI,6,2023-05-24,1,0
741,TEX,3,PIT,2,2023-05-24,0,1
742,OAK,1,SEA,6,2023-05-24,1,0
743,TOR,3,TBR,7,2023-05-24,1,0
744,SDP,3,WSN,5,2023-05-24,1,0
745,PHI,5,ATL,8,2023-05-25,1,0
746,NYM,10,CHC,1,2023-05-25,0,1
747,STL,2,CIN,1,2023-05-25,0,1
748,MIA,6,COL,7,2023-05-25,1,0
749,CHW,2,DET,7,2023-05-25,1,0
750,SFG,5,MIL,0,2023-05-25,0,1
751,BAL,3,NYY,1,2023-05-25,0,1
752,OAK,2,SEA,3,2023-05-25,1,0
753,TOR,3,TBR,6,2023-05-25,1,0
754,SDP,8,WSN,6,2023-05-25,0,1
755,MIA,6,LAA,2,2023-05-26,0,1
756,BOS,7,ARI,2,2023-05-26,0,1
757,PHI,6,ATL,4,2023-05-26,0,1
758,TEX,12,BAL,2,2023-05-26,0,1
759,CIN,9,CHC,0,2023-05-26,0,1
760,STL,3,CLE,4,2023-05-26,1,0
761,NYM,5,COL,2,2023-05-26,0,1
762,CHW,12,DET,3,2023-05-26,0,1
763,WSN,12,KCR,10,2023-05-26,0,1
764,SFG,15,MIL,1,2023-05-26,0,1
765,TOR,3,MIN,1,2023-05-26,0,1
766,SDP,5,NYY,1,2023-05-26,0,1
767,HOU,5,OAK,2,2023-05-26,0,1
768,PIT,11,SEA,6,2023-05-26,0,1
769,LAD,3,TBR,9,2023-05-26,1,0
770,MIA,8,LAA,5,2023-05-27,0,1
771,BOS,2,ARI,1,2023-05-27,0,1
772,PHI,2,ATL,1,2023-05-27,0,1
773,TEX,5,BAL,3,2023-05-27,0,1
774,CIN,8,CHC,5,2023-05-27,0,1
775,STL,2,CLE,1,2023-05-27,0,1
776,NYM,7,COL,10,2023-05-27,1,0
777,CHW,3,DET,7,2023-05-27,1,0
778,WSN,4,KCR,2,2023-05-27,0,1
779,SFG,3,MIL,1,2023-05-27,0,1
780,TOR,7,MIN,9,2023-05-27,1,0
781,SDP,2,NYY,3,2023-05-27,1,0
782,HOU,6,OAK,3,2023-05-27,0,1
783,PIT,0,SEA,5,2023-05-27,1,0
784,LAD,6,TBR,5,2023-05-27,0,1
785,MIA,2,LAA,0,2023-05-28,0,1
786,BOS,2,ARI,4,2023-05-28,1,0
787,PHI,4,ATL,11,2023-05-28,1,0
788,TEX,2,BAL,3,2023-05-28,1,0
789,CIN,8,CHC,5,2023-05-28,0,1
790,STL,3,CLE,4,2023-05-28,1,0
791,NYM,10,COL,11,2023-05-28,1,0
792,CHW,5,DET,6,2023-05-28,1,0
793,WSN,2,KCR,3,2023-05-28,1,0
794,SFG,5,MIL,7,2023-05-28,1,0
795,TOR,3,MIN,0,2023-05-28,0,1
796,SDP,7,NYY,10,2023-05-28,1,0
797,HOU,10,OAK,1,2023-05-28,0,1
798,PIT,3,SEA,6,2023-05-28,1,0
799,LAD,10,TBR,11,2023-05-28,1,0
800,COL,5,ARI,7,2023-05-29,1,0
801,CLE,5,BAL,0,2023-05-29,0,1
802,LAA,6,CHW,4,2023-05-29,0,1
803,TBR,0,CHC,1,2023-05-29,1,0
804,TEX,5,DET,0,2023-05-29,0,1
805,MIN,7,HOU,5,2023-05-29,0,1
806,WSN,1,LAD,6,2023-05-29,1,0
807,ATL,2,OAK,7,2023-05-29,1,0
808,NYY,10,SEA,4,2023-05-29,0,1
809,PIT,4,SFG,14,2023-05-29,1,0
810,KCR,7,STL,0,2023-05-29,0,1
811,COL,1,ARI,5,2023-05-30,1,0
812,CLE,5,BAL,8,2023-05-30,1,0
813,CIN,9,BOS,8,2023-05-30,0,1
814,LAA,3,CHW,7,2023-05-30,1,0
815,TBR,1,CHC,2,2023-05-30,1,0
816,TEX,10,DET,6,2023-05-30,0,1
817,MIN,1,HOU,5,2023-05-30,1,0
818,WSN,3,LAD,9,2023-05-30,1,0
819,SDP,9,MIA,4,2023-05-30,0,1
820,PHI,0,NYM,2,2023-05-30,1,0
821,ATL,1,OAK,2,2023-05-30,1,0
822,NYY,10,SEA,2,2023-05-30,0,1
823,PIT,2,SFG,1,2023-05-30,0,1
824,KCR,1,STL,2,2023-05-30,1,0
825,MIL,2,TOR,7,2023-05-30,1,0
826,COL,0,ARI,6,2023-05-31,1,0
827,CLE,12,BAL,8,2023-05-31,0,1
828,CIN,5,BOS,4,2023-05-31,0,1
829,LAA,12,CHW,5,2023-05-31,0,1
830,TBR,4,CHC,3,2023-05-31,0,1
831,TEX,2,DET,3,2023-05-31,1,0
832,MIN,8,HOU,2,2023-05-31,0,1
833,WSN,10,LAD,6,2023-05-31,0,1
834,SDP,1,MIA,2,2023-05-31,1,0
835,PHI,1,NYM,4,2023-05-31,1,0
836,ATL,4,OAK,2,2023-05-31,0,1
837,NYY,0,SEA,1,2023-05-31,1,0
838,PIT,9,SFG,4,2023-05-31,0,1
839,MIL,4,TOR,2,2023-05-31,0,1
840,COL,4,ARI,5,2023-06-01,1,0
841,CIN,2,BOS,8,2023-06-01,1,0
842,LAA,2,HOU,5,2023-06-01,1,0
843,SDP,10,MIA,1,2023-06-01,0,1
844,CLE,6,MIN,7,2023-06-01,1,0
845,PHI,2,NYM,4,2023-06-01,1,0
846,MIL,1,TOR,3,2023-06-01,1,0
847,ATL,2,ARI,3,2023-06-02,1,0
848,DET,0,CHW,3,2023-06-02,1,0
849,MIL,5,CIN,4,2023-06-02,0,1
850,LAA,2,HOU,6,2023-06-02,1,0
851,COL,7,KCR,2,2023-06-02,0,1
852,NYY,4,LAD,8,2023-06-02,1,0
853,OAK,0,MIA,4,2023-06-02,1,0
854,CLE,0,MIN,1,2023-06-02,1,0
855,TOR,3,NYM,0,2023-06-02,0,1
856,STL,5,PIT,7,2023-06-02,1,0
857,CHC,2,SDP,1,2023-06-02,0,1
858,BAL,3,SFG,2,2023-06-02,0,1
859,SEA,0,TEX,2,2023-06-02,1,0
860,PHI,7,WSN,8,2023-06-02,1,0
861,ATL,5,ARI,2,2023-06-03,0,1
862,TBR,5,BOS,8,2023-06-03,1,0
863,TBR,4,BOS,2,2023-06-03,0,1
864,DET,1,CHW,2,2023-06-03,1,0
865,MIL,10,CIN,8,2023-06-03,0,1
866,LAA,6,HOU,9,2023-06-03,1,0
867,COL,6,KCR,4,2023-06-03,0,1
868,NYY,6,LAD,3,2023-06-03,0,1
869,OAK,1,MIA,12,2023-06-03,1,0
870,CLE,4,MIN,2,2023-06-03,0,1
871,TOR,2,NYM,1,2023-06-03,0,1
872,STL,3,PIT,4,2023-06-03,1,0
873,CHC,0,SDP,6,2023-06-03,1,0
874,BAL,0,SFG,4,2023-06-03,1,0
875,SEA,6,TEX,16,2023-06-03,1,0
876,PHI,4,WSN,2,2023-06-03,0,1
877,ATL,8,ARI,5,2023-06-04,0,1
878,TBR,6,BOS,2,2023-06-04,0,1
879,DET,2,CHW,6,2023-06-04,1,0
880,MIL,5,CIN,1,2023-06-04,0,1
881,LAA,2,HOU,1,2023-06-04,0,1
882,COL,0,KCR,2,2023-06-04,1,0
883,NYY,4,LAD,1,2023-06-04,0,1
884,OAK,5,MIA,7,2023-06-04,1,0
885,CLE,2,MIN,1,2023-06-04,0,1
886,TOR,6,NYM,4,2023-06-04,0,1
887,STL,1,PIT,2,2023-06-04,1,0
888,CHC,7,SDP,1,2023-06-04,0,1
889,BAL,8,SFG,3,2023-06-04,0,1
890,SEA,3,TEX,12,2023-06-04,1,0
891,PHI,11,WSN,3,2023-06-04,0,1
892,TBR,4,BOS,1,2023-06-05,0,1
893,MIL,0,CIN,2,2023-06-05,1,0
894,KCR,6,MIA,9,2023-06-05,1,0
895,DET,3,PHI,8,2023-06-05,1,0
896,OAK,4,PIT,5,2023-06-05,1,0
897,CHC,0,SDP,5,2023-06-05,1,0
898,STL,3,TEX,4,2023-06-05,1,0
899,HOU,11,TOR,4,2023-06-05,0,1
900,CHC,4,LAA,7,2023-06-06,1,0
901,NYM,4,ATL,6,2023-06-06,1,0
902,LAD,8,CIN,9,2023-06-06,1,0
903,BOS,5,CLE,4,2023-06-06,0,1
904,SFG,10,COL,4,2023-06-06,0,1
905,KCR,1,MIA,6,2023-06-06,1,0
906,BAL,3,MIL,4,2023-06-06,1,0
907,CHW,3,NYY,2,2023-06-06,0,1
908,DET,0,PHI,1,2023-06-06,1,0
909,OAK,11,PIT,2,2023-06-06,0,1
910,SEA,4,SDP,1,2023-06-06,0,1
911,MIN,0,TBR,7,2023-06-06,1,0
912,STL,4,TEX,6,2023-06-06,1,0
913,HOU,1,TOR,5,2023-06-06,1,0
914,ARI,10,WSN,5,2023-06-06,0,1
915,CHC,2,LAA,6,2023-06-07,1,0
916,NYM,5,ATL,7,2023-06-07,1,0
917,LAD,6,CIN,8,2023-06-07,1,0
918,BOS,2,CLE,5,2023-06-07,1,0
919,SFG,5,COL,4,2023-06-07,0,1
920,KCR,1,MIA,6,2023-06-07,1,0
921,BAL,2,MIL,10,2023-06-07,1,0
922,OAK,9,PIT,5,2023-06-07,0,1
923,SEA,3,SDP,10,2023-06-07,1,0
924,MIN,1,TBR,2,2023-06-07,1,0
925,STL,1,TEX,0,2023-06-07,0,1
926,HOU,2,TOR,3,2023-06-07,1,0
927,ARI,6,WSN,2,2023-06-07,0,1
928,CHC,1,LAA,3,2023-06-08,1,0
929,NYM,10,ATL,13,2023-06-08,1,0
930,LAD,6,CIN,0,2023-06-08,0,1
931,BOS,3,CLE,10,2023-06-08,1,0
932,SFG,6,COL,4,2023-06-08,0,1
933,BAL,6,MIL,3,2023-06-08,0,1
934,CHW,6,NYY,5,2023-06-08,0,1
935,CHW,0,NYY,3,2023-06-08,1,0
936,DET,2,PHI,3,2023-06-08,1,0
937,MIN,2,TBR,4,2023-06-08,1,0
938,HOU,2,TOR,3,2023-06-08,1,0
939,SEA,4,LAA,5,2023-06-09,1,0
940,WSN,2,ATL,3,2023-06-09,1,0
941,KCR,2,BAL,3,2023-06-09,1,0
942,MIA,1,CHW,2,2023-06-09,1,0
943,HOU,9,CLE,10,2023-06-09,1,0
944,SDP,9,COL,6,2023-06-09,0,1
945,ARI,11,DET,6,2023-06-09,0,1
946,OAK,5,MIL,2,2023-06-09,0,1
947,BOS,3,NYY,2,2023-06-09,0,1
948,LAD,4,PHI,5,2023-06-09,1,0
949,NYM,7,PIT,14,2023-06-09,1,0
950,CHC,3,SFG,2,2023-06-09,0,1
951,CIN,4,STL,7,2023-06-09,1,0
952,TEX,3,TBR,8,2023-06-09,1,0
953,MIN,3,TOR,2,2023-06-09,0,1
954,SEA,6,LAA,2,2023-06-10,0,1
955,WSN,4,ATL,6,2023-06-10,1,0
956,KCR,1,BAL,6,2023-06-10,1,0
957,MIA,5,CHW,1,2023-06-10,0,1
958,HOU,6,CLE,4,2023-06-10,0,1
959,SDP,3,COL,2,2023-06-10,0,1
960,ARI,5,DET,0,2023-06-10,0,1
961,OAK,2,MIL,1,2023-06-10,0,1
962,BOS,1,NYY,3,2023-06-10,1,0
963,LAD,9,PHI,0,2023-06-10,0,1
964,NYM,5,PIT,1,2023-06-10,0,1
965,CHC,4,SFG,0,2023-06-10,0,1
966,CIN,8,STL,4,2023-06-10,0,1
967,TEX,8,TBR,4,2023-06-10,0,1
968,MIN,9,TOR,4,2023-06-10,0,1
969,SEA,4,LAA,9,2023-06-11,1,0
970,WSN,6,ATL,2,2023-06-11,0,1
971,KCR,3,BAL,11,2023-06-11,1,0
972,MIA,6,CHW,5,2023-06-11,0,1
973,HOU,0,CLE,5,2023-06-11,1,0
974,SDP,4,COL,5,2023-06-11,1,0
975,ARI,7,DET,5,2023-06-11,0,1
976,OAK,8,MIL,6,2023-06-11,0,1
977,BOS,3,NYY,2,2023-06-11,0,1
978,LAD,3,PHI,7,2023-06-11,1,0
979,NYM,1,PIT,2,2023-06-11,1,0
980,CHC,3,SFG,13,2023-06-11,1,0
981,CIN,4,STL,3,2023-06-11,0,1
982,TEX,3,TBR,7,2023-06-11,1,0
983,MIN,6,TOR,7,2023-06-11,1,0
984,PHI,8,ARI,9,2023-06-12,1,0
985,COL,4,BOS,3,2023-06-12,0,1
986,ATL,5,DET,6,2023-06-12,1,0
987,CIN,5,KCR,4,2023-06-12,0,1
988,TBR,3,OAK,4,2023-06-12,1,0
989,MIA,1,SEA,8,2023-06-12,1,0
990,SFG,4,STL,3,2023-06-12,0,1
991,LAA,9,TEX,6,2023-06-12,0,1
992,PHI,15,ARI,3,2023-06-13,0,1
993,TOR,6,BAL,11,2023-06-13,1,0
994,COL,7,BOS,6,2023-06-13,0,1
995,PIT,3,CHC,11,2023-06-13,1,0
996,WSN,1,HOU,6,2023-06-13,1,0
997,CIN,5,KCR,4,2023-06-13,0,1
998,CHW,1,LAD,5,2023-06-13,1,0
999,MIL,5,MIN,7,2023-06-13,1,0
1000,NYY,7,NYM,6,2023-06-13,0,1
1001,TBR,1,OAK,2,2023-06-13,1,0
1002,CLE,3,SDP,6,2023-06-13,1,0
1003,MIA,3,SEA,9,2023-06-13,1,0
1004,SFG,11,STL,3,2023-06-13,0,1
1005,LAA,7,TEX,3,2023-06-13,0,1
1006,PHI,4,ARI,3,2023-06-14,0,1
1007,TOR,3,BAL,1,2023-06-14,0,1
1008,COL,3,BOS,6,2023-06-14,1,0
1009,PIT,6,CHC,10,2023-06-14,1,0
1010,ATL,10,DET,7,2023-06-14,0,1
1011,ATL,6,DET,5,2023-06-14,0,1
1012,WSN,4,HOU,5,2023-06-14,1,0
1013,CIN,7,KCR,4,2023-06-14,0,1
1014,CHW,8,LAD,4,2023-06-14,0,1
1015,MIL,2,MIN,4,2023-06-14,1,0
1016,NYY,3,NYM,4,2023-06-14,1,0
1017,TBR,6,OAK,3,2023-06-14,0,1
1018,CLE,0,SDP,5,2023-06-14,1,0
1019,MIA,4,SEA,1,2023-06-14,0,1
1020,SFG,8,STL,5,2023-06-14,0,1
1021,LAA,3,TEX,6,2023-06-14,1,0
1022,PHI,5,ARI,4,2023-06-15,0,1
1023,COL,3,ATL,8,2023-06-15,1,0
1024,TOR,2,BAL,4,2023-06-15,1,0
1025,PIT,2,CHC,7,2023-06-15,1,0
1026,WSN,4,HOU,1,2023-06-15,0,1
1027,CHW,4,LAD,5,2023-06-15,1,0
1028,DET,8,MIN,4,2023-06-15,0,1
1029,TBR,4,OAK,3,2023-06-15,0,1
1030,CLE,8,SDP,6,2023-06-15,0,1
1031,LAA,5,TEX,3,2023-06-15,0,1
1032,CLE,1,ARI,5,2023-06-16,1,0
1033,COL,1,ATL,8,2023-06-16,1,0
1034,NYY,5,BOS,15,2023-06-16,1,0
1035,BAL,3,CHC,10,2023-06-16,1,0
1036,CIN,2,HOU,1,2023-06-16,0,1
1037,LAA,3,KCR,0,2023-06-16,0,1
1038,SFG,7,LAD,5,2023-06-16,0,1
1039,PIT,4,MIL,5,2023-06-16,1,0
1040,DET,7,MIN,1,2023-06-16,0,1
1041,STL,1,NYM,6,2023-06-16,1,0
1042,PHI,6,OAK,1,2023-06-16,0,1
1043,TBR,6,SDP,2,2023-06-16,0,1
1044,CHW,2,SEA,3,2023-06-16,1,0
1045,TOR,2,TEX,1,2023-06-16,0,1
1046,MIA,6,WSN,5,2023-06-16,0,1
1047,CLE,3,ARI,6,2023-06-17,1,0
1048,COL,2,ATL,10,2023-06-17,1,0
1049,BAL,2,CHC,3,2023-06-17,1,0
1050,CIN,10,HOU,3,2023-06-17,0,1
1051,LAA,9,KCR,10,2023-06-17,1,0
1052,SFG,15,LAD,0,2023-06-17,0,1
1053,PIT,0,MIL,5,2023-06-17,1,0
1054,DET,0,MIN,2,2023-06-17,1,0
1055,STL,5,NYM,3,2023-06-17,0,1
1056,PHI,3,OAK,2,2023-06-17,0,1
1057,TBR,0,SDP,2,2023-06-17,1,0
1058,CHW,4,SEA,3,2023-06-17,0,1
1059,TOR,2,TEX,4,2023-06-17,1,0
1060,MIA,5,WSN,2,2023-06-17,0,1
1061,CLE,12,ARI,3,2023-06-18,0,1
1062,COL,6,ATL,14,2023-06-18,1,0
1063,NYY,2,BOS,6,2023-06-18,1,0
1064,NYY,1,BOS,4,2023-06-18,1,0
1065,BAL,6,CHC,3,2023-06-18,0,1
1066,CIN,9,HOU,7,2023-06-18,0,1
1067,LAA,5,KCR,2,2023-06-18,0,1
1068,SFG,7,LAD,3,2023-06-18,0,1
1069,PIT,2,MIL,5,2023-06-18,1,0
1070,DET,6,MIN,4,2023-06-18,0,1
1071,STL,8,NYM,7,2023-06-18,0,1
1072,PHI,3,OAK,2,2023-06-18,0,1
1073,TBR,4,SDP,5,2023-06-18,1,0
1074,CHW,1,SEA,5,2023-06-18,1,0
1075,TOR,7,TEX,11,2023-06-18,1,0
1076,MIA,4,WSN,2,2023-06-18,0,1
1077,TEX,5,CHW,2,2023-06-19,0,1
1078,COL,4,CIN,5,2023-06-19,1,0
1079,KCR,4,DET,6,2023-06-19,1,0
1080,NYM,11,HOU,1,2023-06-19,0,1
1081,TOR,0,MIA,11,2023-06-19,1,0
1082,ARI,9,MIL,1,2023-06-19,0,1
1083,BOS,9,MIN,3,2023-06-19,0,1
1084,CHC,8,PIT,0,2023-06-19,0,1
1085,SDP,4,SFG,7,2023-06-19,1,0
1086,STL,8,WSN,6,2023-06-19,0,1
1087,LAD,2,LAA,0,2023-06-20,0,1
1088,TEX,6,CHW,7,2023-06-20,1,0
1089,COL,6,CIN,8,2023-06-20,1,0
1090,OAK,2,CLE,3,2023-06-20,1,0
1091,KCR,1,DET,0,2023-06-20,0,1
1092,NYM,2,HOU,4,2023-06-20,1,0
1093,TOR,2,MIA,0,2023-06-20,0,1
1094,ARI,5,MIL,7,2023-06-20,1,0
1095,BOS,10,MIN,4,2023-06-20,0,1
1096,SEA,1,NYY,3,2023-06-20,1,0
1097,ATL,4,PHI,2,2023-06-20,0,1
1098,CHC,4,PIT,0,2023-06-20,0,1
1099,SDP,3,SFG,4,2023-06-20,1,0
1100,BAL,8,TBR,6,2023-06-20,0,1
1101,STL,9,WSN,3,2023-06-20,0,1
1102,LAD,2,LAA,0,2023-06-21,0,1
1103,TEX,6,CHW,3,2023-06-21,0,1
1104,COL,3,CIN,5,2023-06-21,1,0
1105,OAK,6,CLE,7,2023-06-21,1,0
1106,KCR,4,DET,9,2023-06-21,1,0
1107,NYM,8,HOU,10,2023-06-21,1,0
1108,TOR,6,MIA,3,2023-06-21,0,1
1109,ARI,5,MIL,1,2023-06-21,0,1
1110,BOS,4,MIN,5,2023-06-21,1,0
1111,SEA,2,NYY,4,2023-06-21,1,0
1112,CHC,8,PIT,3,2023-06-21,0,1
1113,SDP,2,SFG,4,2023-06-21,1,0
1114,BAL,2,TBR,7,2023-06-21,1,0
1115,STL,0,WSN,3,2023-06-21,1,0
1116,OAK,1,CLE,6,2023-06-22,1,0
1117,PIT,4,MIA,6,2023-06-22,1,0
1118,BOS,0,MIN,6,2023-06-22,1,0
1119,SEA,10,NYY,2,2023-06-22,0,1
1120,ATL,5,PHI,1,2023-06-22,0,1
1121,SDP,10,SFG,0,2023-06-22,0,1
1122,KCR,6,TBR,5,2023-06-22,0,1
1123,ARI,5,WSN,3,2023-06-22,0,1
1124,SEA,13,BAL,1,2023-06-23,0,1
1125,BOS,3,CHW,1,2023-06-23,0,1
1126,ATL,10,CIN,11,2023-06-23,1,0
1127,MIL,7,CLE,1,2023-06-23,0,1
1128,LAA,4,COL,7,2023-06-23,1,0
1129,MIN,4,DET,1,2023-06-23,0,1
1130,HOU,2,LAD,3,2023-06-23,1,0
1131,PIT,3,MIA,1,2023-06-23,0,1
1132,TEX,4,NYY,2,2023-06-23,0,1
1133,NYM,1,PHI,5,2023-06-23,1,0
1134,WSN,3,SDP,13,2023-06-23,1,0
1135,ARI,5,SFG,8,2023-06-23,1,0
1136,KCR,3,TBR,11,2023-06-23,1,0
1137,OAK,5,TOR,4,2023-06-23,0,1
1138,SEA,4,BAL,6,2023-06-24,1,0
1139,BOS,4,CHW,5,2023-06-24,1,0
1140,ATL,7,CIN,6,2023-06-24,0,1
1141,MIL,2,CLE,4,2023-06-24,1,0
1142,LAA,25,COL,1,2023-06-24,0,1
1143,MIN,2,DET,3,2023-06-24,1,0
1144,HOU,7,LAD,8,2023-06-24,1,0
1145,PIT,3,MIA,4,2023-06-24,1,0
1146,TEX,0,NYY,1,2023-06-24,1,0
1147,NYM,4,PHI,2,2023-06-24,0,1
1148,WSN,2,SDP,0,2023-06-24,0,1
1149,ARI,6,SFG,7,2023-06-24,1,0
1150,CHC,9,STL,1,2023-06-24,0,1
1151,KCR,9,TBR,4,2023-06-24,0,1
1152,OAK,3,TOR,7,2023-06-24,1,0
1153,SEA,2,BAL,3,2023-06-25,1,0
1154,BOS,1,CHW,4,2023-06-25,1,0
1155,ATL,7,CIN,6,2023-06-25,0,1
1156,MIL,5,CLE,4,2023-06-25,0,1
1157,LAA,3,COL,4,2023-06-25,1,0
1158,MIN,6,DET,3,2023-06-25,0,1
1159,HOU,6,LAD,5,2023-06-25,0,1
1160,PIT,0,MIA,2,2023-06-25,1,0
1161,TEX,3,NYY,5,2023-06-25,1,0
1162,NYM,6,PHI,7,2023-06-25,1,0
1163,WSN,8,SDP,3,2023-06-25,0,1
1164,ARI,5,SFG,2,2023-06-25,0,1
1165,CHC,5,STL,7,2023-06-25,1,0
1166,KCR,1,TBR,3,2023-06-25,1,0
1167,OAK,1,TOR,12,2023-06-25,1,0
1168,CHW,1,LAA,2,2023-06-26,1,0
1169,MIN,1,ATL,4,2023-06-26,1,0
1170,CIN,3,BAL,10,2023-06-26,1,0
1171,MIL,2,NYM,1,2023-06-26,0,1
1172,WSN,4,SEA,8,2023-06-26,1,0
1173,DET,7,TEX,2,2023-06-26,0,1
1174,CHW,2,LAA,4,2023-06-27,1,0
1175,TBR,4,ARI,8,2023-06-27,1,0
1176,MIN,2,ATL,6,2023-06-27,1,0
1177,CIN,3,BAL,1,2023-06-27,0,1
1178,MIA,10,BOS,1,2023-06-27,0,1
1179,PHI,5,CHC,1,2023-06-27,0,1
1180,LAD,5,COL,0,2023-06-27,0,1
1181,CLE,2,KCR,1,2023-06-27,0,1
1182,MIL,2,NYM,7,2023-06-27,1,0
1183,NYY,1,OAK,2,2023-06-27,1,0
1184,SDP,4,PIT,9,2023-06-27,1,0
1185,WSN,7,SEA,4,2023-06-27,0,1
1186,HOU,2,STL,4,2023-06-27,1,0
1187,DET,3,TEX,8,2023-06-27,1,0
1188,SFG,3,TOR,0,2023-06-27,0,1
1189,CHW,11,LAA,5,2023-06-28,0,1
1190,TBR,3,ARI,2,2023-06-28,0,1
1191,MIN,0,ATL,3,2023-06-28,1,0
1192,CIN,11,BAL,7,2023-06-28,0,1
1193,MIA,6,BOS,2,2023-06-28,0,1
1194,PHI,8,CHC,5,2023-06-28,0,1
1195,LAD,8,COL,9,2023-06-28,1,0
1196,CLE,14,KCR,1,2023-06-28,0,1
1197,MIL,5,NYM,2,2023-06-28,0,1
1198,NYY,11,OAK,0,2023-06-28,0,1
1199,SDP,1,PIT,7,2023-06-28,1,0
1200,WSN,4,SEA,1,2023-06-28,0,1
1201,HOU,10,STL,7,2023-06-28,0,1
1202,DET,2,TEX,10,2023-06-28,1,0
1203,SFG,1,TOR,6,2023-06-28,1,0
1204,CHW,9,LAA,7,2023-06-29,0,1
1205,TBR,6,ARI,1,2023-06-29,0,1
1206,MIA,2,BOS,0,2023-06-29,0,1
1207,PHI,3,CHC,1,2023-06-29,0,1
1208,LAD,14,COL,3,2023-06-29,0,1
1209,CLE,3,KCR,4,2023-06-29,1,0
1210,MIL,3,NYM,2,2023-06-29,0,1
1211,NYY,10,OAK,4,2023-06-29,0,1
1212,SDP,4,PIT,5,2023-06-29,1,0
1213,HOU,14,STL,0,2023-06-29,0,1
1214,DET,8,TEX,5,2023-06-29,0,1
1215,SFG,1,TOR,2,2023-06-29,1,0
1216,ARI,6,LAA,2,2023-06-30,0,1
1217,MIA,4,ATL,16,2023-06-30,1,0
1218,MIN,8,BAL,1,2023-06-30,0,1
1219,CLE,1,CHC,10,2023-06-30,1,0
1220,SDP,5,CIN,7,2023-06-30,1,0
1221,DET,5,COL,8,2023-06-30,1,0
1222,LAD,9,KCR,3,2023-06-30,0,1
1223,SFG,5,NYM,4,2023-06-30,0,1
1224,CHW,4,OAK,7,2023-06-30,1,0
1225,WSN,2,PHI,1,2023-06-30,0,1
1226,MIL,7,PIT,8,2023-06-30,1,0
1227,TBR,15,SEA,4,2023-06-30,0,1
1228,HOU,5,TEX,3,2023-06-30,0,1
1229,BOS,5,TOR,0,2023-06-30,0,1
1230,ARI,3,LAA,1,2023-07-01,0,1
1231,MIA,0,ATL,7,2023-07-01,1,0
1232,MIN,1,BAL,0,2023-07-01,0,1
1233,CLE,6,CHC,0,2023-07-01,0,1
1234,SDP,12,CIN,5,2023-07-01,0,1
1235,DET,4,COL,2,2023-07-01,0,1
1236,LAD,4,KCR,6,2023-07-01,1,0
1237,SFG,1,NYM,4,2023-07-01,1,0
1238,CHW,6,OAK,7,2023-07-01,1,0
1239,WSN,4,PHI,19,2023-07-01,1,0
1240,MIL,11,PIT,8,2023-07-01,0,1
1241,TBR,3,SEA,8,2023-07-01,1,0
1242,NYY,4,STL,11,2023-07-01,1,0
1243,NYY,6,STL,2,2023-07-01,0,1
1244,HOU,2,TEX,5,2023-07-01,1,0
1245,BOS,7,TOR,6,2023-07-01,0,1
1246,ARI,2,LAA,5,2023-07-02,1,0
1247,MIA,3,ATL,6,2023-07-02,1,0
1248,MIN,1,BAL,2,2023-07-02,1,0
1249,CLE,8,CHC,6,2023-07-02,0,1
1250,SDP,3,CIN,4,2023-07-02,1,0
1251,DET,14,COL,9,2023-07-02,0,1
1252,LAD,1,KCR,9,2023-07-02,1,0
1253,SFG,4,NYM,8,2023-07-02,1,0
1254,CHW,8,OAK,7,2023-07-02,0,1
1255,WSN,5,PHI,4,2023-07-02,0,1
1256,MIL,6,PIT,3,2023-07-02,0,1
1257,TBR,6,SEA,7,2023-07-02,1,0
1258,NYY,1,STL,5,2023-07-02,1,0
1259,HOU,5,TEX,3,2023-07-02,0,1
1260,BOS,5,TOR,4,2023-07-02,0,1
1261,ATL,4,CLE,2,2023-07-03,0,1
1262,PIT,2,LAD,5,2023-07-03,1,0
1263,STL,4,MIA,5,2023-07-03,1,0
1264,CHC,6,MIL,8,2023-07-03,1,0
1265,KCR,4,MIN,8,2023-07-03,1,0
1266,BAL,3,NYY,6,2023-07-03,1,0
1267,LAA,3,SDP,10,2023-07-03,1,0
1268,SEA,6,SFG,5,2023-07-03,0,1
1269,HOU,12,TEX,11,2023-07-03,0,1
1270,CIN,3,WSN,2,2023-07-03,0,1
1271,NYM,8,ARI,5,2023-07-04,0,1
1272,TEX,6,BOS,2,2023-07-04,0,1
1273,TOR,4,CHW,3,2023-07-04,0,1
1274,ATL,5,CLE,6,2023-07-04,1,0
1275,OAK,1,DET,0,2023-07-04,0,1
1276,COL,1,HOU,4,2023-07-04,1,0
1277,PIT,9,LAD,7,2023-07-04,0,1
1278,STL,2,MIA,15,2023-07-04,1,0
1279,CHC,7,MIL,6,2023-07-04,0,1
1280,KCR,3,MIN,9,2023-07-04,1,0
1281,BAL,4,NYY,8,2023-07-04,1,0
1282,LAA,5,SDP,8,2023-07-04,1,0
1283,SEA,6,SFG,0,2023-07-04,0,1
1284,PHI,3,TBR,1,2023-07-04,0,1
1285,CIN,8,WSN,4,2023-07-04,0,1
1286,NYM,2,ARI,1,2023-07-05,0,1
1287,TEX,2,BOS,4,2023-07-05,1,0
1288,ATL,8,CLE,1,2023-07-05,0,1
1289,OAK,12,DET,3,2023-07-05,0,1
1290,COL,4,HOU,6,2023-07-05,1,0
1291,PIT,4,LAD,6,2023-07-05,1,0
1292,STL,9,MIA,10,2023-07-05,1,0
1293,CHC,4,MIL,3,2023-07-05,0,1
1294,KCR,0,MIN,5,2023-07-05,1,0
1295,BAL,6,NYY,3,2023-07-05,0,1
1296,LAA,3,SDP,5,2023-07-05,1,0
1297,SEA,0,SFG,2,2023-07-05,1,0
1298,PHI,8,TBR,4,2023-07-05,0,1
1299,CIN,9,WSN,2,2023-07-05,0,1
1300,NYM,9,ARI,0,2023-07-06,0,1
1301,TEX,6,BOS,10,2023-07-06,1,0
1302,TOR,6,CHW,2,2023-07-06,0,1
1303,TOR,5,CHW,4,2023-07-06,0,1
1304,KCR,1,CLE,6,2023-07-06,1,0
1305,OAK,0,DET,9,2023-07-06,1,0
1306,SEA,5,HOU,1,2023-07-06,0,1
1307,PIT,2,LAD,5,2023-07-06,1,0
1308,STL,3,MIA,0,2023-07-06,0,1
1309,CHC,5,MIL,6,2023-07-06,1,0
1310,BAL,14,NYY,1,2023-07-06,0,1
1311,PHI,3,TBR,1,2023-07-06,0,1
1312,CIN,5,WSN,4,2023-07-06,0,1
1313,PIT,3,ARI,7,2023-07-07,1,0
1314,OAK,3,BOS,7,2023-07-07,1,0
1315,STL,7,CHW,8,2023-07-07,1,0
1316,KCR,0,CLE,3,2023-07-07,1,0
1317,TOR,12,DET,2,2023-07-07,0,1
1318,SEA,10,HOU,1,2023-07-07,0,1
1319,LAA,4,LAD,11,2023-07-07,1,0
1320,PHI,4,MIA,3,2023-07-07,0,1
1321,CIN,3,MIL,7,2023-07-07,1,0
1322,BAL,3,MIN,1,2023-07-07,0,1
1323,CHC,3,NYY,0,2023-07-07,0,1
1324,NYM,7,SDP,5,2023-07-07,0,1
1325,COL,5,SFG,2,2023-07-07,0,1
1326,ATL,2,TBR,1,2023-07-07,0,1
1327,TEX,7,WSN,2,2023-07-07,0,1
1328,PIT,2,ARI,3,2023-07-08,1,0
1329,OAK,3,BOS,10,2023-07-08,1,0
1330,STL,3,CHW,0,2023-07-08,0,1
1331,KCR,6,CLE,10,2023-07-08,1,0
1332,TOR,0,DET,2,2023-07-08,1,0
1333,SEA,2,HOU,3,2023-07-08,1,0
1334,LAA,5,LAD,10,2023-07-08,1,0
1335,PHI,3,MIA,5,2023-07-08,1,0
1336,CIN,8,MIL,5,2023-07-08,0,1
1337,BAL,6,MIN,2,2023-07-08,0,1
1338,CHC,3,NYY,6,2023-07-08,1,0
1339,NYM,1,SDP,3,2023-07-08,1,0
1340,COL,3,SFG,5,2023-07-08,1,0
1341,ATL,6,TBR,1,2023-07-08,0,1
1342,TEX,3,WSN,8,2023-07-08,1,0
1343,PIT,4,ARI,2,2023-07-09,0,1
1344,OAK,3,BOS,4,2023-07-09,1,0
1345,STL,4,CHW,3,2023-07-09,0,1
1346,KCR,4,CLE,1,2023-07-09,0,1
1347,TOR,4,DET,3,2023-07-09,0,1
1348,SEA,3,HOU,1,2023-07-09,0,1
1349,PHI,3,MIA,7,2023-07-09,1,0
1350,CIN,0,MIL,1,2023-07-09,1,0
1351,BAL,15,MIN,2,2023-07-09,0,1
1352,CHC,7,NYY,4,2023-07-09,0,1
1353,NYM,2,SDP,6,2023-07-09,1,0
1354,COL,0,SFG,1,2023-07-09,1,0
1355,ATL,4,TBR,10,2023-07-09,1,0
1356,TEX,2,WSN,7,2023-07-09,1,0
1357,HOU,7,LAA,5,2023-07-14,0,1
1358,CHW,0,ATL,9,2023-07-14,1,0
1359,MIA,2,BAL,5,2023-07-14,1,0
1360,BOS,8,CHC,3,2023-07-14,0,1
1361,MIL,1,CIN,0,2023-07-14,0,1
1362,NYY,2,COL,7,2023-07-14,1,0
1363,LAD,6,NYM,0,2023-07-14,0,1
1364,MIN,5,OAK,4,2023-07-14,0,1
1365,SDP,8,PHI,3,2023-07-14,0,1
1366,SFG,6,PIT,4,2023-07-14,0,1
1367,DET,5,SEA,4,2023-07-14,0,1
1368,WSN,7,STL,5,2023-07-14,0,1
1369,CLE,4,TEX,12,2023-07-14,1,0
1370,ARI,2,TOR,7,2023-07-14,1,0
1371,HOU,12,LAA,13,2023-07-15,1,0
1372,CHW,6,ATL,5,2023-07-15,0,1
1373,MIA,5,BAL,6,2023-07-15,1,0
1374,BOS,4,CHC,10,2023-07-15,1,0
1375,MIL,3,CIN,0,2023-07-15,0,1
1376,NYY,6,COL,3,2023-07-15,0,1
1377,TBR,6,KCR,1,2023-07-15,0,1
1378,TBR,4,KCR,2,2023-07-15,0,1
1379,LAD,5,NYM,1,2023-07-15,0,1
1380,MIN,10,OAK,7,2023-07-15,0,1
1381,SDP,4,PHI,6,2023-07-15,1,0
1382,SDP,4,PHI,9,2023-07-15,1,0
1383,SFG,3,PIT,1,2023-07-15,0,1
1384,DET,6,SEA,0,2023-07-15,0,1
1385,WSN,6,STL,9,2023-07-15,1,0
1386,CLE,0,TEX,2,2023-07-15,1,0
1387,ARI,2,TOR,5,2023-07-15,1,0
1388,HOU,9,LAA,8,2023-07-16,0,1
1389,CHW,8,ATL,1,2023-07-16,0,1
1390,MIA,4,BAL,5,2023-07-16,1,0
1391,BOS,11,CHC,5,2023-07-16,0,1
1392,MIL,4,CIN,3,2023-07-16,0,1
1393,NYY,7,COL,8,2023-07-16,1,0
1394,TBR,4,KCR,8,2023-07-16,1,0
1395,LAD,1,NYM,2,2023-07-16,1,0
1396,MIN,5,OAK,4,2023-07-16,0,1
1397,SDP,6,PHI,7,2023-07-16,1,0
1398,SFG,8,PIT,4,2023-07-16,0,1
1399,DET,0,SEA,2,2023-07-16,1,0
1400,WSN,4,STL,8,2023-07-16,1,0
1401,CLE,5,TEX,6,2023-07-16,1,0
1402,ARI,5,TOR,7,2023-07-16,1,0
1403,NYY,3,LAA,4,2023-07-17,1,0
1404,LAD,6,BAL,4,2023-07-17,0,1
1405,WSN,7,CHC,5,2023-07-17,0,1
1406,SFG,4,CIN,2,2023-07-17,0,1
1407,DET,3,KCR,2,2023-07-17,0,1
1408,BOS,7,OAK,0,2023-07-17,0,1
1409,CLE,11,PIT,0,2023-07-17,0,1
1410,MIN,6,SEA,7,2023-07-17,1,0
1411,MIA,4,STL,6,2023-07-17,1,0
1412,TBR,2,TEX,3,2023-07-17,1,0
1413,NYY,1,LAA,5,2023-07-18,1,0
1414,ARI,16,ATL,13,2023-07-18,0,1
1415,LAD,10,BAL,3,2023-07-18,0,1
1416,WSN,3,CHC,17,2023-07-18,1,0
1417,SFG,11,CIN,10,2023-07-18,0,1
1418,HOU,3,COL,4,2023-07-18,1,0
1419,DET,10,KCR,11,2023-07-18,1,0
1420,CHW,10,NYM,11,2023-07-18,1,0
1421,BOS,0,OAK,3,2023-07-18,1,0
1422,MIL,3,PHI,4,2023-07-18,1,0
1423,CLE,10,PIT,1,2023-07-18,0,1
1424,MIN,10,SEA,3,2023-07-18,0,1
1425,MIA,2,STL,5,2023-07-18,1,0
1426,TBR,3,TEX,5,2023-07-18,1,0
1427,SDP,9,TOR,1,2023-07-18,0,1
1428,NYY,3,LAA,7,2023-07-19,1,0
1429,ARI,5,ATL,3,2023-07-19,0,1
1430,LAD,5,BAL,8,2023-07-19,1,0
1431,WSN,3,CHC,8,2023-07-19,1,0
1432,SFG,2,CIN,3,2023-07-19,1,0
1433,HOU,4,COL,1,2023-07-19,0,1
1434,DET,3,KCR,2,2023-07-19,0,1
1435,CHW,1,NYM,5,2023-07-19,1,0
1436,BOS,5,OAK,6,2023-07-19,1,0
1437,MIL,5,PHI,3,2023-07-19,0,1
1438,CLE,5,PIT,7,2023-07-19,1,0
1439,MIN,6,SEA,3,2023-07-19,0,1
1440,MIA,4,STL,6,2023-07-19,1,0
1441,TBR,1,TEX,5,2023-07-19,1,0
1442,SDP,2,TOR,0,2023-07-19,0,1
1443,ARI,5,ATL,7,2023-07-20,1,0
1444,STL,7,CHC,2,2023-07-20,0,1
1445,SFG,1,CIN,5,2023-07-20,1,0
1446,DET,3,KCR,0,2023-07-20,0,1
1447,CHW,6,NYM,2,2023-07-20,0,1
1448,HOU,3,OAK,1,2023-07-20,0,1
1449,MIL,4,PHI,0,2023-07-20,0,1
1450,MIN,0,SEA,5,2023-07-20,1,0
1451,BAL,4,TBR,3,2023-07-20,0,1
1452,SDP,0,TOR,4,2023-07-20,1,0
1453,PIT,5,LAA,8,2023-07-21,1,0
1454,NYM,5,BOS,4,2023-07-21,0,1
1455,STL,3,CHC,4,2023-07-21,1,0
1456,ARI,6,CIN,9,2023-07-21,1,0
1457,PHI,5,CLE,6,2023-07-21,1,0
1458,SDP,5,DET,4,2023-07-21,0,1
1459,COL,6,MIA,1,2023-07-21,0,1
1460,ATL,6,MIL,4,2023-07-21,0,1
1461,CHW,4,MIN,9,2023-07-21,1,0
1462,KCR,4,NYY,5,2023-07-21,1,0
1463,HOU,6,OAK,4,2023-07-21,0,1
1464,TOR,2,SEA,3,2023-07-21,1,0
1465,BAL,0,TBR,3,2023-07-21,1,0
1466,LAD,11,TEX,5,2023-07-21,0,1
1467,SFG,3,WSN,5,2023-07-21,1,0
1468,PIT,3,LAA,0,2023-07-22,0,1
1469,NYM,6,BOS,8,2023-07-22,1,0
1470,STL,6,CHC,8,2023-07-22,1,0
1471,ARI,2,CIN,4,2023-07-22,1,0
1472,PHI,0,CLE,1,2023-07-22,1,0
1473,SDP,14,DET,3,2023-07-22,0,1
1474,COL,4,MIA,3,2023-07-22,0,1
1475,ATL,3,MIL,4,2023-07-22,1,0
1476,CHW,2,MIN,3,2023-07-22,1,0
1477,KCR,2,NYY,5,2023-07-22,1,0
1478,HOU,1,OAK,4,2023-07-22,1,0
1479,TOR,8,SEA,9,2023-07-22,1,0
1480,BAL,6,TBR,5,2023-07-22,0,1
1481,LAD,16,TEX,3,2023-07-22,0,1
1482,SFG,1,WSN,10,2023-07-22,1,0
1483,PIT,5,LAA,7,2023-07-23,1,0
1484,NYM,1,BOS,6,2023-07-23,1,0
1485,STL,2,CHC,7,2023-07-23,1,0
1486,ARI,3,CIN,7,2023-07-23,1,0
1487,PHI,8,CLE,5,2023-07-23,0,1
1488,SDP,1,DET,3,2023-07-23,1,0
1489,COL,2,MIA,3,2023-07-23,1,0
1490,ATL,4,MIL,2,2023-07-23,0,1
1491,CHW,4,MIN,5,2023-07-23,1,0
1492,KCR,5,NYY,8,2023-07-23,1,0
1493,HOU,3,OAK,2,2023-07-23,0,1
1494,TOR,4,SEA,3,2023-07-23,0,1
1495,BAL,5,TBR,3,2023-07-23,0,1
1496,LAD,4,TEX,8,2023-07-23,1,0
1497,SFG,1,WSN,6,2023-07-23,1,0
1498,STL,10,ARI,6,2023-07-24,0,1
1499,KCR,5,CLE,3,2023-07-24,0,1
1500,SFG,1,DET,5,2023-07-24,1,0
1501,TEX,9,HOU,10,2023-07-24,1,0
1502,TOR,6,LAD,3,2023-07-24,0,1
1503,CIN,2,MIL,3,2023-07-24,1,0
1504,SEA,3,MIN,4,2023-07-24,1,0
1505,BAL,3,PHI,2,2023-07-24,0,1
1506,PIT,8,SDP,4,2023-07-24,0,1
1507,COL,10,WSN,6,2023-07-24,0,1
1508,STL,1,ARI,3,2023-07-25,1,0
1509,ATL,1,BOS,7,2023-07-25,1,0
1510,CHC,7,CHW,3,2023-07-25,0,1
1511,KCR,1,CLE,5,2023-07-25,1,0
1512,LAA,7,DET,6,2023-07-25,0,1
1513,TEX,3,HOU,4,2023-07-25,1,0
1514,TOR,7,LAD,8,2023-07-25,1,0
1515,CIN,4,MIL,3,2023-07-25,0,1
1516,SEA,9,MIN,7,2023-07-25,0,1
1517,NYM,9,NYY,3,2023-07-25,0,1
1518,BAL,3,PHI,4,2023-07-25,1,0
1519,PIT,1,SDP,5,2023-07-25,1,0
1520,OAK,1,SFG,2,2023-07-25,1,0
1521,MIA,1,TBR,4,2023-07-25,1,0
1522,COL,5,WSN,6,2023-07-25,1,0
1523,STL,11,ARI,7,2023-07-26,0,1
1524,ATL,3,BOS,5,2023-07-26,1,0
1525,CHC,10,CHW,7,2023-07-26,0,1
1526,KCR,3,CLE,8,2023-07-26,1,0
1527,TEX,13,HOU,5,2023-07-26,0,1
1528,TOR,8,LAD,1,2023-07-26,0,1
1529,CIN,0,MIL,3,2023-07-26,1,0
1530,SEA,8,MIN,7,2023-07-26,0,1
1531,NYM,1,NYY,3,2023-07-26,1,0
1532,BAL,4,PHI,6,2023-07-26,1,0
1533,PIT,3,SDP,2,2023-07-26,0,1
1534,OAK,3,SFG,8,2023-07-26,1,0
1535,MIA,7,TBR,1,2023-07-26,0,1
1536,COL,4,WSN,5,2023-07-26,1,0
1537,CLE,6,CHW,3,2023-07-27,0,1
1538,LAA,6,DET,0,2023-07-27,0,1
1539,LAA,11,DET,4,2023-07-27,0,1
1540,WSN,1,NYM,2,2023-07-27,1,0
1541,CHC,10,STL,3,2023-07-27,0,1
1542,SEA,5,ARI,2,2023-07-28,0,1
1543,MIL,7,ATL,10,2023-07-28,1,0
1544,NYY,0,BAL,1,2023-07-28,1,0
1545,CLE,0,CHW,3,2023-07-28,1,0
1546,OAK,8,COL,5,2023-07-28,0,1
1547,TBR,4,HOU,3,2023-07-28,0,1
1548,MIN,5,KCR,8,2023-07-28,1,0
1549,CIN,6,LAD,5,2023-07-28,0,1
1550,DET,5,MIA,6,2023-07-28,1,0
1551,WSN,1,NYM,5,2023-07-28,1,0
1552,PHI,2,PIT,1,2023-07-28,0,1
1553,TEX,1,SDP,7,2023-07-28,1,0
1554,BOS,3,SFG,2,2023-07-28,0,1
1555,CHC,3,STL,2,2023-07-28,0,1
1556,LAA,1,TOR,4,2023-07-28,1,0
1557,SEA,3,ARI,4,2023-07-29,1,0
1558,MIL,5,ATL,11,2023-07-29,1,0
1559,NYY,8,BAL,3,2023-07-29,0,1
1560,CLE,2,CHW,7,2023-07-29,1,0
1561,OAK,11,COL,3,2023-07-29,0,1
1562,TBR,4,HOU,17,2023-07-29,1,0
1563,MIN,7,KCR,10,2023-07-29,1,0
1564,CIN,2,LAD,3,2023-07-29,1,0
1565,DET,5,MIA,0,2023-07-29,0,1
1566,WSN,11,NYM,6,2023-07-29,0,1
1567,PHI,6,PIT,7,2023-07-29,1,0
1568,TEX,0,SDP,4,2023-07-29,1,0
1569,BOS,2,SFG,3,2023-07-29,1,0
1570,CHC,5,STL,1,2023-07-29,0,1
1571,LAA,1,TOR,6,2023-07-29,1,0
1572,SEA,4,ARI,0,2023-07-30,0,1
1573,MIL,6,ATL,8,2023-07-30,1,0
1574,NYY,3,BAL,9,2023-07-30,1,0
1575,CLE,5,CHW,0,2023-07-30,0,1
1576,OAK,0,COL,2,2023-07-30,1,0
1577,TBR,8,HOU,2,2023-07-30,0,1
1578,MIN,1,KCR,2,2023-07-30,1,0
1579,CIN,9,LAD,0,2023-07-30,0,1
1580,DET,6,MIA,8,2023-07-30,1,0
1581,WSN,2,NYM,5,2023-07-30,1,0
1582,PHI,4,PIT,6,2023-07-30,1,0
1583,TEX,3,SDP,5,2023-07-30,1,0
1584,BOS,3,SFG,4,2023-07-30,1,0
1585,CHC,0,STL,3,2023-07-30,1,0
1586,LAA,3,TOR,2,2023-07-30,0,1
1587,LAA,4,ATL,1,2023-07-31,0,1
1588,CIN,6,CHC,5,2023-07-31,0,1
1589,SDP,3,COL,4,2023-07-31,1,0
1590,CLE,3,HOU,7,2023-07-31,1,0
1591,PHI,4,MIA,2,2023-07-31,0,1
1592,TBR,5,NYY,1,2023-07-31,0,1
1593,BOS,2,SEA,6,2023-07-31,1,0
1594,ARI,4,SFG,3,2023-07-31,0,1
1595,BAL,4,TOR,2,2023-07-31,0,1
1596,MIL,3,WSN,5,2023-07-31,1,0
1597,LAA,1,ATL,5,2023-08-01,1,0
1598,CIN,9,CHC,20,2023-08-01,1,0
1599,SDP,8,COL,5,2023-08-01,0,1
1600,CLE,0,HOU,2,2023-08-01,1,0
1601,NYM,6,KCR,7,2023-08-01,1,0
1602,OAK,3,LAD,7,2023-08-01,1,0
1603,PHI,3,MIA,1,2023-08-01,0,1
1604,TBR,5,NYY,2,2023-08-01,0,1
1605,DET,1,PIT,4,2023-08-01,1,0
1606,BOS,6,SEA,4,2023-08-01,0,1
1607,ARI,3,SFG,4,2023-08-01,1,0
1608,MIN,3,STL,2,2023-08-01,0,1
1609,CHW,0,TEX,2,2023-08-01,1,0
1610,BAL,13,TOR,3,2023-08-01,0,1
1611,MIL,6,WSN,4,2023-08-01,0,1
1612,LAA,5,ATL,12,2023-08-02,1,0
1613,CIN,6,CHC,16,2023-08-02,1,0
1614,SDP,11,COL,1,2023-08-02,0,1
1615,CLE,2,HOU,3,2023-08-02,1,0
1616,NYM,0,KCR,4,2023-08-02,1,0
1617,OAK,1,LAD,10,2023-08-02,1,0
1618,PHI,8,MIA,9,2023-08-02,1,0
1619,TBR,2,NYY,7,2023-08-02,1,0
1620,DET,6,PIT,3,2023-08-02,0,1
1621,BOS,3,SEA,6,2023-08-02,1,0
1622,ARI,2,SFG,4,2023-08-02,1,0
1623,MIN,3,STL,7,2023-08-02,1,0
1624,CHW,1,TEX,11,2023-08-02,1,0
1625,BAL,1,TOR,4,2023-08-02,1,0
1626,MIL,2,WSN,3,2023-08-02,1,0
1627,SEA,5,LAA,3,2023-08-03,0,1
1628,CIN,3,CHC,5,2023-08-03,1,0
1629,NYM,2,KCR,9,2023-08-03,1,0
1630,OAK,2,LAD,8,2023-08-03,1,0
1631,PHI,4,MIA,2,2023-08-03,0,1
1632,PIT,1,MIL,14,2023-08-03,1,0
1633,HOU,3,NYY,4,2023-08-03,1,0
1634,ARI,0,SFG,1,2023-08-03,1,0
1635,MIN,5,STL,3,2023-08-03,0,1
1636,CHW,3,TEX,5,2023-08-03,1,0
1637,BAL,6,TOR,1,2023-08-03,0,1
1638,SEA,9,LAA,7,2023-08-04,0,1
1639,NYM,3,BAL,10,2023-08-04,1,0
1640,TOR,7,BOS,3,2023-08-04,0,1
1641,ATL,8,CHC,0,2023-08-04,0,1
1642,WSN,6,CIN,3,2023-08-04,0,1
1643,CHW,2,CLE,4,2023-08-04,1,0
1644,TBR,8,DET,0,2023-08-04,0,1
1645,PIT,8,MIL,4,2023-08-04,0,1
1646,ARI,2,MIN,3,2023-08-04,1,0
1647,HOU,7,NYY,3,2023-08-04,0,1
1648,KCR,7,PHI,5,2023-08-04,0,1
1649,LAD,10,SDP,5,2023-08-04,0,1
1650,COL,9,STL,4,2023-08-04,0,1
1651,MIA,2,TEX,6,2023-08-04,1,0
1652,SEA,3,LAA,2,2023-08-05,0,1
1653,NYM,3,BAL,7,2023-08-05,1,0
1654,TOR,5,BOS,4,2023-08-05,0,1
1655,ATL,6,CHC,8,2023-08-05,1,0
1656,WSN,7,CIN,3,2023-08-05,0,1
1657,CHW,7,CLE,4,2023-08-05,0,1
1658,TBR,2,DET,4,2023-08-05,1,0
1659,PIT,2,MIL,3,2023-08-05,1,0
1660,ARI,1,MIN,12,2023-08-05,1,0
1661,HOU,1,NYY,3,2023-08-05,1,0
1662,SFG,1,OAK,2,2023-08-05,1,0
1663,KCR,6,PHI,9,2023-08-05,1,0
1664,LAD,3,SDP,8,2023-08-05,1,0
1665,COL,2,STL,6,2023-08-05,1,0
1666,MIA,8,TEX,9,2023-08-05,1,0
1667,SEA,3,LAA,2,2023-08-06,0,1
1668,NYM,0,BAL,2,2023-08-06,1,0
1669,TOR,13,BOS,1,2023-08-06,0,1
1670,ATL,4,CHC,6,2023-08-06,1,0
1671,WSN,6,CIN,3,2023-08-06,0,1
1672,CHW,5,CLE,3,2023-08-06,0,1
1673,TBR,10,DET,6,2023-08-06,0,1
1674,PIT,4,MIL,1,2023-08-06,0,1
1675,ARI,3,MIN,5,2023-08-06,1,0
1676,HOU,9,NYY,7,2023-08-06,0,1
1677,SFG,6,OAK,8,2023-08-06,1,0
1678,KCR,4,PHI,8,2023-08-06,1,0
1679,LAD,8,SDP,2,2023-08-06,0,1
1680,COL,1,STL,0,2023-08-06,0,1
1681,MIA,0,TEX,6,2023-08-06,1,0
1682,SFG,8,LAA,3,2023-08-07,0,1
1683,KCR,2,BOS,6,2023-08-07,1,0
1684,NYY,1,CHW,5,2023-08-07,1,0
1685,MIA,2,CIN,5,2023-08-07,1,0
1686,TOR,3,CLE,1,2023-08-07,0,1
1687,MIN,9,DET,3,2023-08-07,0,1
1688,COL,1,MIL,12,2023-08-07,1,0
1689,CHC,2,NYM,11,2023-08-07,1,0
1690,TEX,5,OAK,3,2023-08-07,0,1
1691,ATL,6,PIT,7,2023-08-07,1,0
1692,LAD,13,SDP,7,2023-08-07,0,1
1693,SFG,5,LAA,7,2023-08-08,1,0
1694,LAD,5,ARI,4,2023-08-08,0,1
1695,HOU,7,BAL,6,2023-08-08,0,1
1696,KCR,9,BOS,3,2023-08-08,0,1
1697,NYY,7,CHW,1,2023-08-08,0,1
1698,MIA,3,CIN,2,2023-08-08,0,1
1699,TOR,0,CLE,1,2023-08-08,1,0
1700,MIN,0,DET,6,2023-08-08,1,0
1701,COL,7,MIL,3,2023-08-08,0,1
1702,CHC,3,NYM,2,2023-08-08,0,1
1703,TEX,6,OAK,1,2023-08-08,0,1
1704,WSN,4,PHI,8,2023-08-08,1,0
1705,WSN,5,PHI,4,2023-08-08,0,1
1706,ATL,8,PIT,6,2023-08-08,0,1
1707,SDP,0,SEA,2,2023-08-08,1,0
1708,STL,2,TBR,4,2023-08-08,1,0
1709,SFG,1,LAA,4,2023-08-09,1,0
1710,LAD,2,ARI,0,2023-08-09,0,1
1711,HOU,8,BAL,2,2023-08-09,0,1
1712,KCR,3,BOS,4,2023-08-09,1,0
1713,NYY,2,CHW,9,2023-08-09,1,0
1714,MIA,5,CIN,4,2023-08-09,0,1
1715,TOR,1,CLE,0,2023-08-09,0,1
1716,MIN,5,DET,9,2023-08-09,1,0
1717,COL,6,MIL,7,2023-08-09,1,0
1718,CHC,3,NYM,4,2023-08-09,1,0
1719,TEX,0,OAK,2,2023-08-09,1,0
1720,WSN,0,PHI,7,2023-08-09,1,0
1721,ATL,6,PIT,5,2023-08-09,0,1
1722,SDP,1,SEA,6,2023-08-09,1,0
1723,STL,6,TBR,4,2023-08-09,0,1
1724,HOU,4,BAL,5,2023-08-10,1,0
1725,KCR,0,BOS,2,2023-08-10,1,0
1726,TOR,3,CLE,4,2023-08-10,1,0
1727,MIN,0,DET,3,2023-08-10,1,0
1728,COL,1,LAD,2,2023-08-10,1,0
1729,WSN,2,PHI,6,2023-08-10,1,0
1730,ATL,5,PIT,7,2023-08-10,1,0
1731,STL,5,TBR,2,2023-08-10,0,1
1732,SDP,10,ARI,5,2023-08-11,0,1
1733,DET,2,BOS,5,2023-08-11,1,0
1734,MIL,7,CHW,6,2023-08-11,0,1
1735,LAA,3,HOU,11,2023-08-11,1,0
1736,STL,8,KCR,12,2023-08-11,1,0
1737,COL,1,LAD,6,2023-08-11,1,0
1738,NYY,9,MIA,4,2023-08-11,0,1
1739,ATL,7,NYM,0,2023-08-11,0,1
1740,MIN,2,PHI,13,2023-08-11,1,0
1741,CIN,9,PIT,2,2023-08-11,0,1
1742,BAL,2,SEA,9,2023-08-11,1,0
1743,TEX,2,SFG,1,2023-08-11,0,1
1744,CLE,8,TBR,9,2023-08-11,1,0
1745,CHC,6,TOR,2,2023-08-11,0,1
1746,OAK,2,WSN,8,2023-08-11,1,0
1747,SDP,0,ARI,3,2023-08-12,1,0
1748,DET,6,BOS,2,2023-08-12,0,1
1749,MIL,3,CHW,2,2023-08-12,0,1
1750,LAA,3,HOU,11,2023-08-12,1,0
1751,STL,5,KCR,4,2023-08-12,0,1
1752,COL,1,LAD,4,2023-08-12,1,0
1753,NYY,1,MIA,3,2023-08-12,1,0
1754,ATL,21,NYM,3,2023-08-12,0,1
1755,ATL,6,NYM,0,2023-08-12,0,1
1756,MIN,8,PHI,1,2023-08-12,0,1
1757,BAL,1,SEA,0,2023-08-12,0,1
1758,TEX,9,SFG,3,2023-08-12,0,1
1759,CLE,5,TBR,6,2023-08-12,1,0
1760,CHC,5,TOR,4,2023-08-12,0,1
1761,OAK,2,WSN,3,2023-08-12,1,0
1762,SDP,4,ARI,5,2023-08-13,1,0
1763,DET,3,BOS,6,2023-08-13,1,0
1764,MIL,7,CHW,3,2023-08-13,0,1
1765,LAA,2,HOU,1,2023-08-13,0,1
1766,COL,3,LAD,8,2023-08-13,1,0
1767,NYY,7,MIA,8,2023-08-13,1,0
1768,ATL,6,NYM,7,2023-08-13,1,0
1769,MIN,3,PHI,0,2023-08-13,0,1
1770,CIN,2,PIT,4,2023-08-13,1,0
1771,CIN,6,PIT,5,2023-08-13,0,1
1772,BAL,5,SEA,3,2023-08-13,0,1
1773,TEX,2,SFG,3,2023-08-13,1,0
1774,CLE,9,TBR,2,2023-08-13,0,1
1775,CHC,4,TOR,11,2023-08-13,1,0
1776,OAK,7,WSN,8,2023-08-13,1,0
1777,NYY,3,ATL,11,2023-08-14,1,0
1778,ARI,4,COL,6,2023-08-14,1,0
1779,SEA,6,KCR,7,2023-08-14,1,0
1780,HOU,1,MIA,5,2023-08-14,1,0
1781,PIT,2,NYM,7,2023-08-14,1,0
1782,BAL,4,SDP,1,2023-08-14,0,1
1783,TBR,10,SFG,2,2023-08-14,0,1
1784,OAK,5,STL,7,2023-08-14,1,0
1785,LAA,0,TEX,12,2023-08-14,1,0
1786,NYY,0,ATL,5,2023-08-15,1,0
1787,CHW,5,CHC,3,2023-08-15,0,1
1788,CLE,3,CIN,0,2023-08-15,0,1
1789,ARI,8,COL,5,2023-08-15,0,1
1790,SEA,10,KCR,8,2023-08-15,0,1
1791,MIL,2,LAD,6,2023-08-15,1,0
1792,HOU,6,MIA,5,2023-08-15,0,1
1793,DET,3,MIN,5,2023-08-15,1,0
1794,PIT,7,NYM,4,2023-08-15,0,1
1795,BAL,3,SDP,10,2023-08-15,1,0
1796,TBR,0,SFG,7,2023-08-15,1,0
1797,OAK,2,STL,6,2023-08-15,1,0
1798,LAA,3,TEX,7,2023-08-15,1,0
1799,PHI,1,TOR,2,2023-08-15,1,0
1800,BOS,5,WSN,4,2023-08-15,0,1
1801,NYY,0,ATL,2,2023-08-16,1,0
1802,CHW,3,CHC,4,2023-08-16,1,0
1803,CLE,2,CIN,7,2023-08-16,1,0
1804,ARI,9,COL,7,2023-08-16,0,1
1805,SEA,6,KCR,5,2023-08-16,0,1
1806,MIL,1,LAD,7,2023-08-16,1,0
1807,HOU,12,MIA,5,2023-08-16,0,1
1808,DET,8,MIN,7,2023-08-16,0,1
1809,PIT,3,NYM,8,2023-08-16,1,0
1810,BAL,2,SDP,5,2023-08-16,1,0
1811,TBR,6,SFG,1,2023-08-16,0,1
1812,OAK,8,STL,0,2023-08-16,0,1
1813,LAA,2,TEX,0,2023-08-16,0,1
1814,PHI,9,TOR,4,2023-08-16,0,1
1815,BOS,2,WSN,6,2023-08-16,1,0
1816,SEA,6,KCR,4,2023-08-17,0,1
1817,MIL,0,LAD,1,2023-08-17,1,0
1818,ARI,3,SDP,1,2023-08-17,0,1
1819,NYM,4,STL,2,2023-08-17,0,1
1820,BOS,7,WSN,10,2023-08-17,1,0
1821,TBR,9,LAA,6,2023-08-18,0,1
1822,SFG,0,ATL,4,2023-08-18,1,0
1823,KCR,4,CHC,3,2023-08-18,0,1
1824,TOR,0,CIN,1,2023-08-18,1,0
1825,DET,4,CLE,2,2023-08-18,0,1
1826,DET,1,CLE,4,2023-08-18,1,0
1827,CHW,1,COL,14,2023-08-18,1,0
1828,SEA,2,HOU,0,2023-08-18,0,1
1829,MIA,11,LAD,3,2023-08-18,0,1
1830,PIT,1,MIN,5,2023-08-18,1,0
1831,BOS,8,NYY,3,2023-08-18,0,1
1832,BAL,9,OAK,4,2023-08-18,0,1
1833,ARI,0,SDP,4,2023-08-18,1,0
1834,NYM,7,STL,1,2023-08-18,0,1
1835,MIL,9,TEX,8,2023-08-18,0,1
1836,PHI,7,WSN,8,2023-08-18,1,0
1837,TBR,6,LAA,7,2023-08-19,1,0
1838,TBR,18,LAA,4,2023-08-19,0,1
1839,SFG,5,ATL,6,2023-08-19,1,0
1840,KCR,4,CHC,6,2023-08-19,1,0
1841,TOR,4,CIN,3,2023-08-19,0,1
1842,DET,4,CLE,3,2023-08-19,0,1
1843,CHW,5,COL,11,2023-08-19,1,0
1844,SEA,10,HOU,3,2023-08-19,0,1
1845,MIA,1,LAD,3,2023-08-19,1,0
1846,MIA,1,LAD,3,2023-08-19,1,0
1847,PIT,7,MIN,4,2023-08-19,0,1
1848,BOS,8,NYY,1,2023-08-19,0,1
1849,BAL,7,OAK,2,2023-08-19,0,1
1850,ARI,6,SDP,4,2023-08-19,0,1
1851,ARI,8,SDP,1,2023-08-19,0,1
1852,NYM,13,STL,2,2023-08-19,0,1
1853,MIL,6,TEX,1,2023-08-19,0,1
1854,PHI,12,WSN,3,2023-08-19,0,1
1855,SFG,4,ATL,3,2023-08-20,0,1
1856,KCR,3,CHC,4,2023-08-20,1,0
1857,TOR,10,CIN,3,2023-08-20,0,1
1858,DET,4,CLE,1,2023-08-20,0,1
1859,CHW,10,COL,5,2023-08-20,0,1
1860,SEA,7,HOU,6,2023-08-20,0,1
1861,PIT,0,MIN,2,2023-08-20,1,0
1862,BOS,6,NYY,5,2023-08-20,0,1
1863,BAL,12,OAK,1,2023-08-20,0,1
1864,NYM,3,STL,7,2023-08-20,1,0
1865,MIL,6,TEX,2,2023-08-20,0,1
1866,PHI,3,WSN,4,2023-08-20,1,0
1867,TEX,3,ARI,4,2023-08-21,1,0
1868,NYM,10,ATL,4,2023-08-21,0,1
1869,SEA,14,CHW,2,2023-08-21,0,1
1870,CHC,7,DET,6,2023-08-21,0,1
1871,BOS,4,HOU,9,2023-08-21,1,0
1872,KCR,4,OAK,6,2023-08-21,1,0
1873,SFG,4,PHI,10,2023-08-21,1,0
1874,STL,1,PIT,11,2023-08-21,1,0
1875,MIA,2,SDP,6,2023-08-21,1,0
1876,CIN,4,LAA,3,2023-08-22,0,1
1877,TEX,3,ARI,6,2023-08-22,1,0
1878,NYM,2,ATL,3,2023-08-22,1,0
1879,TOR,6,BAL,3,2023-08-22,0,1
1880,SEA,6,CHW,3,2023-08-22,0,1
1881,LAD,3,CLE,8,2023-08-22,1,0
1882,CHC,6,DET,8,2023-08-22,1,0
1883,BOS,3,HOU,7,2023-08-22,1,0
1884,MIN,3,MIL,7,2023-08-22,1,0
1885,WSN,2,NYY,1,2023-08-22,0,1
1886,KCR,4,OAK,5,2023-08-22,1,0
1887,SFG,3,PHI,4,2023-08-22,1,0
1888,STL,3,PIT,6,2023-08-22,1,0
1889,MIA,3,SDP,0,2023-08-22,0,1
1890,COL,4,TBR,12,2023-08-22,1,0
1891,CIN,9,LAA,4,2023-08-23,0,1
1892,CIN,7,LAA,3,2023-08-23,0,1
1893,NYM,0,ATL,7,2023-08-23,1,0
1894,TOR,0,BAL,7,2023-08-23,1,0
1895,SEA,4,CHW,5,2023-08-23,1,0
1896,LAD,6,CLE,1,2023-08-23,0,1
1897,CHC,6,DET,4,2023-08-23,0,1
1898,BOS,7,HOU,5,2023-08-23,0,1
1899,MIN,7,MIL,8,2023-08-23,1,0
1900,WSN,1,NYY,9,2023-08-23,1,0
1901,KCR,4,OAK,0,2023-08-23,0,1
1902,SFG,8,PHI,6,2023-08-23,0,1
1903,STL,6,PIT,4,2023-08-23,0,1
1904,MIA,0,SDP,4,2023-08-23,1,0
1905,COL,5,TBR,6,2023-08-23,1,0
1906,CIN,2,ARI,3,2023-08-24,1,0
1907,TOR,3,BAL,5,2023-08-24,1,0
1908,OAK,8,CHW,5,2023-08-24,0,1
1909,LAD,9,CLE,3,2023-08-24,0,1
1910,BOS,17,HOU,1,2023-08-24,0,1
1911,TEX,5,MIN,7,2023-08-24,1,0
1912,WSN,6,NYY,5,2023-08-24,0,1
1913,CHC,5,PIT,4,2023-08-24,0,1
1914,COL,3,TBR,5,2023-08-24,1,0
1915,CIN,8,ARI,10,2023-08-25,1,0
1916,COL,4,BAL,5,2023-08-25,1,0
1917,LAD,7,BOS,4,2023-08-25,0,1
1918,OAK,12,CHW,4,2023-08-25,0,1
1919,HOU,1,DET,4,2023-08-25,1,0
1920,WSN,7,MIA,4,2023-08-25,0,1
1921,SDP,3,MIL,7,2023-08-25,1,0
1922,TEX,2,MIN,12,2023-08-25,1,0
1923,LAA,3,NYM,1,2023-08-25,0,1
1924,STL,2,PHI,7,2023-08-25,1,0
1925,CHC,1,PIT,2,2023-08-25,1,0
1926,KCR,5,SEA,7,2023-08-25,1,0
1927,ATL,5,SFG,1,2023-08-25,0,1
1928,NYY,6,TBR,2,2023-08-25,0,1
1929,CLE,5,TOR,2,2023-08-25,0,1
1930,CIN,8,ARI,7,2023-08-26,0,1
1931,COL,4,BAL,5,2023-08-26,1,0
1932,LAD,5,BOS,8,2023-08-26,1,0
1933,OAK,2,CHW,6,2023-08-26,1,0
1934,HOU,9,DET,2,2023-08-26,0,1
1935,WSN,3,MIA,2,2023-08-26,0,1
1936,SDP,4,MIL,5,2023-08-26,1,0
1937,TEX,6,MIN,2,2023-08-26,0,1
1938,LAA,5,NYM,3,2023-08-26,0,1
1939,STL,1,PHI,12,2023-08-26,1,0
1940,CHC,10,PIT,6,2023-08-26,0,1
1941,KCR,2,SEA,15,2023-08-26,1,0
1942,ATL,7,SFG,3,2023-08-26,0,1
1943,NYY,0,TBR,3,2023-08-26,1,0
1944,CLE,3,TOR,8,2023-08-26,1,0
1945,CIN,2,ARI,5,2023-08-27,1,0
1946,COL,4,BAL,3,2023-08-27,0,1
1947,LAD,7,BOS,4,2023-08-27,0,1
1948,OAK,1,CHW,6,2023-08-27,1,0
1949,HOU,17,DET,4,2023-08-27,0,1
1950,WSN,1,MIA,2,2023-08-27,1,0
1951,SDP,6,MIL,10,2023-08-27,1,0
1952,TEX,6,MIN,7,2023-08-27,1,0
1953,LAA,2,NYM,3,2023-08-27,1,0
1954,STL,0,PHI,3,2023-08-27,1,0
1955,CHC,10,PIT,1,2023-08-27,0,1
1956,KCR,2,SEA,3,2023-08-27,1,0
1957,ATL,5,SFG,8,2023-08-27,1,0
1958,NYY,4,TBR,7,2023-08-27,1,0
1959,CLE,10,TOR,7,2023-08-27,0,1
1960,CHW,0,BAL,9,2023-08-28,1,0
1961,HOU,13,BOS,5,2023-08-28,0,1
1962,MIL,6,CHC,2,2023-08-28,0,1
1963,ATL,14,COL,4,2023-08-28,0,1
1964,NYY,4,DET,1,2023-08-28,0,1
1965,PIT,5,KCR,0,2023-08-28,0,1
1966,ARI,4,LAD,7,2023-08-28,1,0
1967,CLE,6,MIN,10,2023-08-28,1,0
1968,TEX,4,NYM,3,2023-08-28,0,1
1969,LAA,4,PHI,6,2023-08-28,1,0
1970,OAK,0,SEA,7,2023-08-28,1,0
1971,CIN,1,SFG,4,2023-08-28,1,0
1972,SDP,4,STL,1,2023-08-28,0,1
1973,WSN,3,TOR,6,2023-08-28,1,0
